Shape_Length,Shape_Area,Point_Count,X_Coord,Y_Coord
2000.000000000000000,250000.000000000000000,3,1208982.148600000888109,469299.256699999794364
2000.000000000000000,250000.000000000000000,2,1209482.148600000888109,469299.256699999794364
2000.000000000000000,250000.000000000000000,3,1207982.148600000888109,469799.256699999794364
2000.000000000000000,250000.000000000000000,29,1208482.148600000888109,469799.256699999794364
2000.000000000000000,250000.000000000000000,47,1208982.148600000888109,469799.256699999794364
2000.000000000000000,250000.000000000000000,28,1209482.148600000888109,469799.256699999794364
2000.000000000000000,250000.000000000000000,2,1209982.148600000888109,469799.256699999794364
2000.000000000000000,250000.000000000000000,1,1210482.148600000888109,469799.256699999794364
2000.000000000000000,250000.000000000000000,2,1210982.148600000888109,469799.256699999794364
2000.000000000000000,250000.000000000000000,4,1207482.148600000888109,470299.256699999794364
2000.000000000000000,250000.000000000000000,9,1207982.148600000888109,470299.256699999794364
2000.000000000000000,250000.000000000000000,81,1208482.148600000888109,470299.256699999794364
2000.000000000000000,250000.000000000000000,42,1208982.148600000888109,470299.256699999794364
2000.000000000000000,250000.000000000000000,45,1209482.148600000888109,470299.256699999794364
2000.000000000000000,250000.000000000000000,137,1209982.148600000888109,470299.256699999794364
2000.000000000000000,250000.000000000000000,25,1210482.148600000888109,470299.256699999794364
2000.000000000000000,250000.000000000000000,23,1210982.148600000888109,470299.256699999794364
2000.000000000000000,250000.000000000000000,7,1211482.148600000888109,470299.256699999794364
2000.000000000000000,250000.000000000000000,13,1211982.148600000888109,470299.256699999794364
2000.000000000000000,250000.000000000000000,9,1212482.148600000888109,470299.256699999794364
2000.000000000000000,250000.000000000000000,12,1212982.148600000888109,470299.256699999794364
2000.000000000000000,250000.000000000000000,14,1213482.148600000888109,470299.256699999794364
2000.000000000000000,250000.000000000000000,27,1213982.148600000888109,470299.256699999794364
2000.000000000000000,250000.000000000000000,10,1214482.148600000888109,470299.256699999794364
2000.000000000000000,250000.000000000000000,27,1214982.148600000888109,470299.256699999794364
2000.000000000000000,250000.000000000000000,28,1215482.148600000888109,470299.256699999794364
2000.000000000000000,250000.000000000000000,18,1215982.148600000888109,470299.256699999794364
2000.000000000000000,250000.000000000000000,67,1216482.148600000888109,470299.256699999794364
2000.000000000000000,250000.000000000000000,13,1216982.148600000888109,470299.256699999794364
2000.000000000000000,250000.000000000000000,1,1205482.148600000888109,470799.256699999794364
2000.000000000000000,250000.000000000000000,1,1205982.148600000888109,470799.256699999794364
2000.000000000000000,250000.000000000000000,5,1207482.148600000888109,470799.256699999794364
2000.000000000000000,250000.000000000000000,18,1207982.148600000888109,470799.256699999794364
2000.000000000000000,250000.000000000000000,40,1208482.148600000888109,470799.256699999794364
2000.000000000000000,250000.000000000000000,26,1208982.148600000888109,470799.256699999794364
2000.000000000000000,250000.000000000000000,21,1209482.148600000888109,470799.256699999794364
2000.000000000000000,250000.000000000000000,43,1209982.148600000888109,470799.256699999794364
2000.000000000000000,250000.000000000000000,39,1210482.148600000888109,470799.256699999794364
2000.000000000000000,250000.000000000000000,94,1210982.148600000888109,470799.256699999794364
2000.000000000000000,250000.000000000000000,700,1211482.148600000888109,470799.256699999794364
2000.000000000000000,250000.000000000000000,50,1211982.148600000888109,470799.256699999794364
2000.000000000000000,250000.000000000000000,41,1212482.148600000888109,470799.256699999794364
2000.000000000000000,250000.000000000000000,27,1212982.148600000888109,470799.256699999794364
2000.000000000000000,250000.000000000000000,29,1213482.148600000888109,470799.256699999794364
2000.000000000000000,250000.000000000000000,24,1213982.148600000888109,470799.256699999794364
2000.000000000000000,250000.000000000000000,18,1214482.148600000888109,470799.256699999794364
2000.000000000000000,250000.000000000000000,1,1215482.148600000888109,470799.256699999794364
2000.000000000000000,250000.000000000000000,25,1216482.148600000888109,470799.256699999794364
2000.000000000000000,250000.000000000000000,7,1216982.148600000888109,470799.256699999794364
2000.000000000000000,250000.000000000000000,1,1205482.148600000888109,471299.256699999794364
2000.000000000000000,250000.000000000000000,3,1206982.148600000888109,471299.256699999794364
2000.000000000000000,250000.000000000000000,11,1207482.148600000888109,471299.256699999794364
2000.000000000000000,250000.000000000000000,22,1207982.148600000888109,471299.256699999794364
2000.000000000000000,250000.000000000000000,33,1208482.148600000888109,471299.256699999794364
2000.000000000000000,250000.000000000000000,19,1208982.148600000888109,471299.256699999794364
2000.000000000000000,250000.000000000000000,14,1209482.148600000888109,471299.256699999794364
2000.000000000000000,250000.000000000000000,35,1209982.148600000888109,471299.256699999794364
2000.000000000000000,250000.000000000000000,9,1210482.148600000888109,471299.256699999794364
2000.000000000000000,250000.000000000000000,35,1210982.148600000888109,471299.256699999794364
2000.000000000000000,250000.000000000000000,24,1211482.148600000888109,471299.256699999794364
2000.000000000000000,250000.000000000000000,45,1211982.148600000888109,471299.256699999794364
2000.000000000000000,250000.000000000000000,19,1212482.148600000888109,471299.256699999794364
2000.000000000000000,250000.000000000000000,34,1212982.148600000888109,471299.256699999794364
2000.000000000000000,250000.000000000000000,24,1213482.148600000888109,471299.256699999794364
2000.000000000000000,250000.000000000000000,27,1213982.148600000888109,471299.256699999794364
2000.000000000000000,250000.000000000000000,12,1214482.148600000888109,471299.256699999794364
2000.000000000000000,250000.000000000000000,9,1214982.148600000888109,471299.256699999794364
2000.000000000000000,250000.000000000000000,3,1215482.148600000888109,471299.256699999794364
2000.000000000000000,250000.000000000000000,10,1215982.148600000888109,471299.256699999794364
2000.000000000000000,250000.000000000000000,16,1216482.148600000888109,471299.256699999794364
2000.000000000000000,250000.000000000000000,8,1216982.148600000888109,471299.256699999794364
2000.000000000000000,250000.000000000000000,1,1203982.148600000888109,471799.256699999794364
2000.000000000000000,250000.000000000000000,2,1204482.148600000888109,471799.256699999794364
2000.000000000000000,250000.000000000000000,1,1204982.148600000888109,471799.256699999794364
2000.000000000000000,250000.000000000000000,1,1205482.148600000888109,471799.256699999794364
2000.000000000000000,250000.000000000000000,3,1206482.148600000888109,471799.256699999794364
2000.000000000000000,250000.000000000000000,4,1206982.148600000888109,471799.256699999794364
2000.000000000000000,250000.000000000000000,12,1207482.148600000888109,471799.256699999794364
2000.000000000000000,250000.000000000000000,9,1207982.148600000888109,471799.256699999794364
2000.000000000000000,250000.000000000000000,22,1208482.148600000888109,471799.256699999794364
2000.000000000000000,250000.000000000000000,17,1208982.148600000888109,471799.256699999794364
2000.000000000000000,250000.000000000000000,14,1209482.148600000888109,471799.256699999794364
2000.000000000000000,250000.000000000000000,25,1209982.148600000888109,471799.256699999794364
2000.000000000000000,250000.000000000000000,4,1210482.148600000888109,471799.256699999794364
2000.000000000000000,250000.000000000000000,40,1210982.148600000888109,471799.256699999794364
2000.000000000000000,250000.000000000000000,19,1211482.148600000888109,471799.256699999794364
2000.000000000000000,250000.000000000000000,26,1211982.148600000888109,471799.256699999794364
2000.000000000000000,250000.000000000000000,25,1212482.148600000888109,471799.256699999794364
2000.000000000000000,250000.000000000000000,22,1212982.148600000888109,471799.256699999794364
2000.000000000000000,250000.000000000000000,17,1213482.148600000888109,471799.256699999794364
2000.000000000000000,250000.000000000000000,35,1213982.148600000888109,471799.256699999794364
2000.000000000000000,250000.000000000000000,16,1214482.148600000888109,471799.256699999794364
2000.000000000000000,250000.000000000000000,15,1214982.148600000888109,471799.256699999794364
2000.000000000000000,250000.000000000000000,63,1215482.148600000888109,471799.256699999794364
2000.000000000000000,250000.000000000000000,29,1215982.148600000888109,471799.256699999794364
2000.000000000000000,250000.000000000000000,15,1216482.148600000888109,471799.256699999794364
2000.000000000000000,250000.000000000000000,3,1216982.148600000888109,471799.256699999794364
2000.000000000000000,250000.000000000000000,1,1203982.148600000888109,472299.256699999794364
2000.000000000000000,250000.000000000000000,6,1204482.148600000888109,472299.256699999794364
2000.000000000000000,250000.000000000000000,5,1204982.148600000888109,472299.256699999794364
2000.000000000000000,250000.000000000000000,9,1205482.148600000888109,472299.256699999794364
2000.000000000000000,250000.000000000000000,3,1205982.148600000888109,472299.256699999794364
2000.000000000000000,250000.000000000000000,8,1206482.148600000888109,472299.256699999794364
2000.000000000000000,250000.000000000000000,11,1206982.148600000888109,472299.256699999794364
2000.000000000000000,250000.000000000000000,23,1207482.148600000888109,472299.256699999794364
2000.000000000000000,250000.000000000000000,19,1207982.148600000888109,472299.256699999794364
2000.000000000000000,250000.000000000000000,13,1208482.148600000888109,472299.256699999794364
2000.000000000000000,250000.000000000000000,24,1208982.148600000888109,472299.256699999794364
2000.000000000000000,250000.000000000000000,18,1209482.148600000888109,472299.256699999794364
2000.000000000000000,250000.000000000000000,38,1209982.148600000888109,472299.256699999794364
2000.000000000000000,250000.000000000000000,56,1210482.148600000888109,472299.256699999794364
2000.000000000000000,250000.000000000000000,49,1210982.148600000888109,472299.256699999794364
2000.000000000000000,250000.000000000000000,38,1211482.148600000888109,472299.256699999794364
2000.000000000000000,250000.000000000000000,58,1211982.148600000888109,472299.256699999794364
2000.000000000000000,250000.000000000000000,21,1212482.148600000888109,472299.256699999794364
2000.000000000000000,250000.000000000000000,29,1212982.148600000888109,472299.256699999794364
2000.000000000000000,250000.000000000000000,31,1213482.148600000888109,472299.256699999794364
2000.000000000000000,250000.000000000000000,66,1213982.148600000888109,472299.256699999794364
2000.000000000000000,250000.000000000000000,27,1214482.148600000888109,472299.256699999794364
2000.000000000000000,250000.000000000000000,12,1214982.148600000888109,472299.256699999794364
2000.000000000000000,250000.000000000000000,43,1215482.148600000888109,472299.256699999794364
2000.000000000000000,250000.000000000000000,26,1215982.148600000888109,472299.256699999794364
2000.000000000000000,250000.000000000000000,20,1216482.148600000888109,472299.256699999794364
2000.000000000000000,250000.000000000000000,2,1216982.148600000888109,472299.256699999794364
2000.000000000000000,250000.000000000000000,1,1203482.148600000888109,472799.256699999794364
2000.000000000000000,250000.000000000000000,3,1203982.148600000888109,472799.256699999794364
2000.000000000000000,250000.000000000000000,4,1204482.148600000888109,472799.256699999794364
2000.000000000000000,250000.000000000000000,18,1204982.148600000888109,472799.256699999794364
2000.000000000000000,250000.000000000000000,13,1205482.148600000888109,472799.256699999794364
2000.000000000000000,250000.000000000000000,12,1205982.148600000888109,472799.256699999794364
2000.000000000000000,250000.000000000000000,20,1206482.148600000888109,472799.256699999794364
2000.000000000000000,250000.000000000000000,40,1206982.148600000888109,472799.256699999794364
2000.000000000000000,250000.000000000000000,38,1207482.148600000888109,472799.256699999794364
2000.000000000000000,250000.000000000000000,7,1207982.148600000888109,472799.256699999794364
2000.000000000000000,250000.000000000000000,15,1208482.148600000888109,472799.256699999794364
2000.000000000000000,250000.000000000000000,21,1208982.148600000888109,472799.256699999794364
2000.000000000000000,250000.000000000000000,17,1209482.148600000888109,472799.256699999794364
2000.000000000000000,250000.000000000000000,17,1209982.148600000888109,472799.256699999794364
2000.000000000000000,250000.000000000000000,17,1210482.148600000888109,472799.256699999794364
2000.000000000000000,250000.000000000000000,35,1210982.148600000888109,472799.256699999794364
2000.000000000000000,250000.000000000000000,28,1211482.148600000888109,472799.256699999794364
2000.000000000000000,250000.000000000000000,36,1211982.148600000888109,472799.256699999794364
2000.000000000000000,250000.000000000000000,14,1212482.148600000888109,472799.256699999794364
2000.000000000000000,250000.000000000000000,25,1212982.148600000888109,472799.256699999794364
2000.000000000000000,250000.000000000000000,16,1213482.148600000888109,472799.256699999794364
2000.000000000000000,250000.000000000000000,30,1213982.148600000888109,472799.256699999794364
2000.000000000000000,250000.000000000000000,17,1214482.148600000888109,472799.256699999794364
2000.000000000000000,250000.000000000000000,18,1214982.148600000888109,472799.256699999794364
2000.000000000000000,250000.000000000000000,9,1215482.148600000888109,472799.256699999794364
2000.000000000000000,250000.000000000000000,15,1215982.148600000888109,472799.256699999794364
2000.000000000000000,250000.000000000000000,11,1216482.148600000888109,472799.256699999794364
2000.000000000000000,250000.000000000000000,1,1216982.148600000888109,472799.256699999794364
2000.000000000000000,250000.000000000000000,2,1203482.148600000888109,473299.256699999794364
2000.000000000000000,250000.000000000000000,1,1203982.148600000888109,473299.256699999794364
2000.000000000000000,250000.000000000000000,7,1204482.148600000888109,473299.256699999794364
2000.000000000000000,250000.000000000000000,19,1204982.148600000888109,473299.256699999794364
2000.000000000000000,250000.000000000000000,14,1205482.148600000888109,473299.256699999794364
2000.000000000000000,250000.000000000000000,6,1205982.148600000888109,473299.256699999794364
2000.000000000000000,250000.000000000000000,6,1206482.148600000888109,473299.256699999794364
2000.000000000000000,250000.000000000000000,77,1206982.148600000888109,473299.256699999794364
2000.000000000000000,250000.000000000000000,49,1207482.148600000888109,473299.256699999794364
2000.000000000000000,250000.000000000000000,16,1207982.148600000888109,473299.256699999794364
2000.000000000000000,250000.000000000000000,23,1208482.148600000888109,473299.256699999794364
2000.000000000000000,250000.000000000000000,34,1208982.148600000888109,473299.256699999794364
2000.000000000000000,250000.000000000000000,22,1209482.148600000888109,473299.256699999794364
2000.000000000000000,250000.000000000000000,71,1209982.148600000888109,473299.256699999794364
2000.000000000000000,250000.000000000000000,19,1210482.148600000888109,473299.256699999794364
2000.000000000000000,250000.000000000000000,40,1210982.148600000888109,473299.256699999794364
2000.000000000000000,250000.000000000000000,24,1211482.148600000888109,473299.256699999794364
2000.000000000000000,250000.000000000000000,33,1211982.148600000888109,473299.256699999794364
2000.000000000000000,250000.000000000000000,25,1212482.148600000888109,473299.256699999794364
2000.000000000000000,250000.000000000000000,55,1212982.148600000888109,473299.256699999794364
2000.000000000000000,250000.000000000000000,21,1213482.148600000888109,473299.256699999794364
2000.000000000000000,250000.000000000000000,76,1213982.148600000888109,473299.256699999794364
2000.000000000000000,250000.000000000000000,35,1214482.148600000888109,473299.256699999794364
2000.000000000000000,250000.000000000000000,25,1214982.148600000888109,473299.256699999794364
2000.000000000000000,250000.000000000000000,30,1215482.148600000888109,473299.256699999794364
2000.000000000000000,250000.000000000000000,131,1215982.148600000888109,473299.256699999794364
2000.000000000000000,250000.000000000000000,62,1216482.148600000888109,473299.256699999794364
2000.000000000000000,250000.000000000000000,19,1216982.148600000888109,473299.256699999794364
2000.000000000000000,250000.000000000000000,1,1203982.148600000888109,473799.256699999794364
2000.000000000000000,250000.000000000000000,9,1204482.148600000888109,473799.256699999794364
2000.000000000000000,250000.000000000000000,13,1204982.148600000888109,473799.256699999794364
2000.000000000000000,250000.000000000000000,12,1205482.148600000888109,473799.256699999794364
2000.000000000000000,250000.000000000000000,9,1205982.148600000888109,473799.256699999794364
2000.000000000000000,250000.000000000000000,11,1206482.148600000888109,473799.256699999794364
2000.000000000000000,250000.000000000000000,16,1206982.148600000888109,473799.256699999794364
2000.000000000000000,250000.000000000000000,18,1207482.148600000888109,473799.256699999794364
2000.000000000000000,250000.000000000000000,23,1207982.148600000888109,473799.256699999794364
2000.000000000000000,250000.000000000000000,7,1208482.148600000888109,473799.256699999794364
2000.000000000000000,250000.000000000000000,14,1208982.148600000888109,473799.256699999794364
2000.000000000000000,250000.000000000000000,22,1209482.148600000888109,473799.256699999794364
2000.000000000000000,250000.000000000000000,46,1209982.148600000888109,473799.256699999794364
2000.000000000000000,250000.000000000000000,27,1210982.148600000888109,473799.256699999794364
2000.000000000000000,250000.000000000000000,8,1211482.148600000888109,473799.256699999794364
2000.000000000000000,250000.000000000000000,21,1211982.148600000888109,473799.256699999794364
2000.000000000000000,250000.000000000000000,15,1212482.148600000888109,473799.256699999794364
2000.000000000000000,250000.000000000000000,32,1212982.148600000888109,473799.256699999794364
2000.000000000000000,250000.000000000000000,20,1213482.148600000888109,473799.256699999794364
2000.000000000000000,250000.000000000000000,49,1213982.148600000888109,473799.256699999794364
2000.000000000000000,250000.000000000000000,56,1214482.148600000888109,473799.256699999794364
2000.000000000000000,250000.000000000000000,35,1214982.148600000888109,473799.256699999794364
2000.000000000000000,250000.000000000000000,27,1215482.148600000888109,473799.256699999794364
2000.000000000000000,250000.000000000000000,45,1215982.148600000888109,473799.256699999794364
2000.000000000000000,250000.000000000000000,40,1216482.148600000888109,473799.256699999794364
2000.000000000000000,250000.000000000000000,4,1216982.148600000888109,473799.256699999794364
2000.000000000000000,250000.000000000000000,4,1203982.148600000888109,474299.256699999794364
2000.000000000000000,250000.000000000000000,11,1204482.148600000888109,474299.256699999794364
2000.000000000000000,250000.000000000000000,45,1204982.148600000888109,474299.256699999794364
2000.000000000000000,250000.000000000000000,11,1205482.148600000888109,474299.256699999794364
2000.000000000000000,250000.000000000000000,4,1205982.148600000888109,474299.256699999794364
2000.000000000000000,250000.000000000000000,15,1206482.148600000888109,474299.256699999794364
2000.000000000000000,250000.000000000000000,19,1206982.148600000888109,474299.256699999794364
2000.000000000000000,250000.000000000000000,10,1207482.148600000888109,474299.256699999794364
2000.000000000000000,250000.000000000000000,9,1207982.148600000888109,474299.256699999794364
2000.000000000000000,250000.000000000000000,19,1208482.148600000888109,474299.256699999794364
2000.000000000000000,250000.000000000000000,24,1208982.148600000888109,474299.256699999794364
2000.000000000000000,250000.000000000000000,6,1209482.148600000888109,474299.256699999794364
2000.000000000000000,250000.000000000000000,45,1209982.148600000888109,474299.256699999794364
2000.000000000000000,250000.000000000000000,72,1210482.148600000888109,474299.256699999794364
2000.000000000000000,250000.000000000000000,61,1210982.148600000888109,474299.256699999794364
2000.000000000000000,250000.000000000000000,15,1211482.148600000888109,474299.256699999794364
2000.000000000000000,250000.000000000000000,32,1211982.148600000888109,474299.256699999794364
2000.000000000000000,250000.000000000000000,18,1212482.148600000888109,474299.256699999794364
2000.000000000000000,250000.000000000000000,33,1212982.148600000888109,474299.256699999794364
2000.000000000000000,250000.000000000000000,18,1213482.148600000888109,474299.256699999794364
2000.000000000000000,250000.000000000000000,88,1213982.148600000888109,474299.256699999794364
2000.000000000000000,250000.000000000000000,71,1214482.148600000888109,474299.256699999794364
2000.000000000000000,250000.000000000000000,27,1214982.148600000888109,474299.256699999794364
2000.000000000000000,250000.000000000000000,29,1215482.148600000888109,474299.256699999794364
2000.000000000000000,250000.000000000000000,24,1215982.148600000888109,474299.256699999794364
2000.000000000000000,250000.000000000000000,25,1216482.148600000888109,474299.256699999794364
2000.000000000000000,250000.000000000000000,1,1203982.148600000888109,474799.256699999794364
2000.000000000000000,250000.000000000000000,6,1204482.148600000888109,474799.256699999794364
2000.000000000000000,250000.000000000000000,17,1204982.148600000888109,474799.256699999794364
2000.000000000000000,250000.000000000000000,14,1205482.148600000888109,474799.256699999794364
2000.000000000000000,250000.000000000000000,16,1205982.148600000888109,474799.256699999794364
2000.000000000000000,250000.000000000000000,9,1206482.148600000888109,474799.256699999794364
2000.000000000000000,250000.000000000000000,30,1206982.148600000888109,474799.256699999794364
2000.000000000000000,250000.000000000000000,53,1207482.148600000888109,474799.256699999794364
2000.000000000000000,250000.000000000000000,9,1207982.148600000888109,474799.256699999794364
2000.000000000000000,250000.000000000000000,13,1208482.148600000888109,474799.256699999794364
2000.000000000000000,250000.000000000000000,32,1208982.148600000888109,474799.256699999794364
2000.000000000000000,250000.000000000000000,41,1209482.148600000888109,474799.256699999794364
2000.000000000000000,250000.000000000000000,61,1209982.148600000888109,474799.256699999794364
2000.000000000000000,250000.000000000000000,18,1210482.148600000888109,474799.256699999794364
2000.000000000000000,250000.000000000000000,51,1210982.148600000888109,474799.256699999794364
2000.000000000000000,250000.000000000000000,28,1211482.148600000888109,474799.256699999794364
2000.000000000000000,250000.000000000000000,47,1211982.148600000888109,474799.256699999794364
2000.000000000000000,250000.000000000000000,32,1212482.148600000888109,474799.256699999794364
2000.000000000000000,250000.000000000000000,66,1212982.148600000888109,474799.256699999794364
2000.000000000000000,250000.000000000000000,60,1213482.148600000888109,474799.256699999794364
2000.000000000000000,250000.000000000000000,28,1213982.148600000888109,474799.256699999794364
2000.000000000000000,250000.000000000000000,35,1214482.148600000888109,474799.256699999794364
2000.000000000000000,250000.000000000000000,29,1214982.148600000888109,474799.256699999794364
2000.000000000000000,250000.000000000000000,31,1215482.148600000888109,474799.256699999794364
2000.000000000000000,250000.000000000000000,28,1215982.148600000888109,474799.256699999794364
2000.000000000000000,250000.000000000000000,29,1216482.148600000888109,474799.256699999794364
2000.000000000000000,250000.000000000000000,5,1216982.148600000888109,474799.256699999794364
2000.000000000000000,250000.000000000000000,1,1202982.148600000888109,475299.256699999794364
2000.000000000000000,250000.000000000000000,3,1203982.148600000888109,475299.256699999794364
2000.000000000000000,250000.000000000000000,15,1204482.148600000888109,475299.256699999794364
2000.000000000000000,250000.000000000000000,38,1204982.148600000888109,475299.256699999794364
2000.000000000000000,250000.000000000000000,13,1205482.148600000888109,475299.256699999794364
2000.000000000000000,250000.000000000000000,15,1205982.148600000888109,475299.256699999794364
2000.000000000000000,250000.000000000000000,11,1206482.148600000888109,475299.256699999794364
2000.000000000000000,250000.000000000000000,17,1206982.148600000888109,475299.256699999794364
2000.000000000000000,250000.000000000000000,13,1207482.148600000888109,475299.256699999794364
2000.000000000000000,250000.000000000000000,9,1207982.148600000888109,475299.256699999794364
2000.000000000000000,250000.000000000000000,10,1208482.148600000888109,475299.256699999794364
2000.000000000000000,250000.000000000000000,20,1208982.148600000888109,475299.256699999794364
2000.000000000000000,250000.000000000000000,27,1209482.148600000888109,475299.256699999794364
2000.000000000000000,250000.000000000000000,46,1209982.148600000888109,475299.256699999794364
2000.000000000000000,250000.000000000000000,22,1210482.148600000888109,475299.256699999794364
2000.000000000000000,250000.000000000000000,61,1210982.148600000888109,475299.256699999794364
2000.000000000000000,250000.000000000000000,24,1211482.148600000888109,475299.256699999794364
2000.000000000000000,250000.000000000000000,52,1211982.148600000888109,475299.256699999794364
2000.000000000000000,250000.000000000000000,47,1212482.148600000888109,475299.256699999794364
2000.000000000000000,250000.000000000000000,33,1212982.148600000888109,475299.256699999794364
2000.000000000000000,250000.000000000000000,77,1213482.148600000888109,475299.256699999794364
2000.000000000000000,250000.000000000000000,11,1213982.148600000888109,475299.256699999794364
2000.000000000000000,250000.000000000000000,25,1214482.148600000888109,475299.256699999794364
2000.000000000000000,250000.000000000000000,21,1214982.148600000888109,475299.256699999794364
2000.000000000000000,250000.000000000000000,44,1215482.148600000888109,475299.256699999794364
2000.000000000000000,250000.000000000000000,16,1215982.148600000888109,475299.256699999794364
2000.000000000000000,250000.000000000000000,12,1216482.148600000888109,475299.256699999794364
2000.000000000000000,250000.000000000000000,1,1216982.148600000888109,475299.256699999794364
2000.000000000000000,250000.000000000000000,1,1202482.148600000888109,475799.256699999794364
2000.000000000000000,250000.000000000000000,19,1202982.148600000888109,475799.256699999794364
2000.000000000000000,250000.000000000000000,11,1203482.148600000888109,475799.256699999794364
2000.000000000000000,250000.000000000000000,10,1203982.148600000888109,475799.256699999794364
2000.000000000000000,250000.000000000000000,11,1204482.148600000888109,475799.256699999794364
2000.000000000000000,250000.000000000000000,15,1204982.148600000888109,475799.256699999794364
2000.000000000000000,250000.000000000000000,17,1205482.148600000888109,475799.256699999794364
2000.000000000000000,250000.000000000000000,21,1205982.148600000888109,475799.256699999794364
2000.000000000000000,250000.000000000000000,23,1206482.148600000888109,475799.256699999794364
2000.000000000000000,250000.000000000000000,25,1206982.148600000888109,475799.256699999794364
2000.000000000000000,250000.000000000000000,40,1207482.148600000888109,475799.256699999794364
2000.000000000000000,250000.000000000000000,41,1207982.148600000888109,475799.256699999794364
2000.000000000000000,250000.000000000000000,80,1208482.148600000888109,475799.256699999794364
2000.000000000000000,250000.000000000000000,58,1208982.148600000888109,475799.256699999794364
2000.000000000000000,250000.000000000000000,98,1209482.148600000888109,475799.256699999794364
2000.000000000000000,250000.000000000000000,127,1209982.148600000888109,475799.256699999794364
2000.000000000000000,250000.000000000000000,38,1210482.148600000888109,475799.256699999794364
2000.000000000000000,250000.000000000000000,91,1210982.148600000888109,475799.256699999794364
2000.000000000000000,250000.000000000000000,73,1211482.148600000888109,475799.256699999794364
2000.000000000000000,250000.000000000000000,80,1211982.148600000888109,475799.256699999794364
2000.000000000000000,250000.000000000000000,27,1212482.148600000888109,475799.256699999794364
2000.000000000000000,250000.000000000000000,20,1212982.148600000888109,475799.256699999794364
2000.000000000000000,250000.000000000000000,51,1213482.148600000888109,475799.256699999794364
2000.000000000000000,250000.000000000000000,7,1213982.148600000888109,475799.256699999794364
2000.000000000000000,250000.000000000000000,20,1214482.148600000888109,475799.256699999794364
2000.000000000000000,250000.000000000000000,35,1214982.148600000888109,475799.256699999794364
2000.000000000000000,250000.000000000000000,973,1215482.148600000888109,475799.256699999794364
2000.000000000000000,250000.000000000000000,32,1215982.148600000888109,475799.256699999794364
2000.000000000000000,250000.000000000000000,32,1216482.148600000888109,475799.256699999794364
2000.000000000000000,250000.000000000000000,2,1202482.148600000888109,476299.256699999794364
2000.000000000000000,250000.000000000000000,16,1202982.148600000888109,476299.256699999794364
2000.000000000000000,250000.000000000000000,21,1203482.148600000888109,476299.256699999794364
2000.000000000000000,250000.000000000000000,16,1203982.148600000888109,476299.256699999794364
2000.000000000000000,250000.000000000000000,14,1204482.148600000888109,476299.256699999794364
2000.000000000000000,250000.000000000000000,42,1204982.148600000888109,476299.256699999794364
2000.000000000000000,250000.000000000000000,63,1205482.148600000888109,476299.256699999794364
2000.000000000000000,250000.000000000000000,67,1205982.148600000888109,476299.256699999794364
2000.000000000000000,250000.000000000000000,47,1206482.148600000888109,476299.256699999794364
2000.000000000000000,250000.000000000000000,75,1206982.148600000888109,476299.256699999794364
2000.000000000000000,250000.000000000000000,60,1207482.148600000888109,476299.256699999794364
2000.000000000000000,250000.000000000000000,103,1207982.148600000888109,476299.256699999794364
2000.000000000000000,250000.000000000000000,161,1208482.148600000888109,476299.256699999794364
2000.000000000000000,250000.000000000000000,109,1208982.148600000888109,476299.256699999794364
2000.000000000000000,250000.000000000000000,149,1209482.148600000888109,476299.256699999794364
2000.000000000000000,250000.000000000000000,555,1209982.148600000888109,476299.256699999794364
2000.000000000000000,250000.000000000000000,114,1210482.148600000888109,476299.256699999794364
2000.000000000000000,250000.000000000000000,208,1210982.148600000888109,476299.256699999794364
2000.000000000000000,250000.000000000000000,150,1211482.148600000888109,476299.256699999794364
2000.000000000000000,250000.000000000000000,84,1211982.148600000888109,476299.256699999794364
2000.000000000000000,250000.000000000000000,52,1212482.148600000888109,476299.256699999794364
2000.000000000000000,250000.000000000000000,97,1212982.148600000888109,476299.256699999794364
2000.000000000000000,250000.000000000000000,261,1213482.148600000888109,476299.256699999794364
2000.000000000000000,250000.000000000000000,32,1213982.148600000888109,476299.256699999794364
2000.000000000000000,250000.000000000000000,51,1214482.148600000888109,476299.256699999794364
2000.000000000000000,250000.000000000000000,59,1214982.148600000888109,476299.256699999794364
2000.000000000000000,250000.000000000000000,32,1215482.148600000888109,476299.256699999794364
2000.000000000000000,250000.000000000000000,71,1215982.148600000888109,476299.256699999794364
2000.000000000000000,250000.000000000000000,55,1216482.148600000888109,476299.256699999794364
2000.000000000000000,250000.000000000000000,9,1202982.148600000888109,476799.256699999794364
2000.000000000000000,250000.000000000000000,5,1203482.148600000888109,476799.256699999794364
2000.000000000000000,250000.000000000000000,34,1204482.148600000888109,476799.256699999794364
2000.000000000000000,250000.000000000000000,47,1204982.148600000888109,476799.256699999794364
2000.000000000000000,250000.000000000000000,37,1205482.148600000888109,476799.256699999794364
2000.000000000000000,250000.000000000000000,37,1205982.148600000888109,476799.256699999794364
2000.000000000000000,250000.000000000000000,38,1206482.148600000888109,476799.256699999794364
2000.000000000000000,250000.000000000000000,80,1206982.148600000888109,476799.256699999794364
2000.000000000000000,250000.000000000000000,170,1207482.148600000888109,476799.256699999794364
2000.000000000000000,250000.000000000000000,95,1207982.148600000888109,476799.256699999794364
2000.000000000000000,250000.000000000000000,60,1208482.148600000888109,476799.256699999794364
2000.000000000000000,250000.000000000000000,35,1208982.148600000888109,476799.256699999794364
2000.000000000000000,250000.000000000000000,33,1209482.148600000888109,476799.256699999794364
2000.000000000000000,250000.000000000000000,160,1209982.148600000888109,476799.256699999794364
2000.000000000000000,250000.000000000000000,111,1210482.148600000888109,476799.256699999794364
2000.000000000000000,250000.000000000000000,168,1210982.148600000888109,476799.256699999794364
2000.000000000000000,250000.000000000000000,86,1211482.148600000888109,476799.256699999794364
2000.000000000000000,250000.000000000000000,61,1211982.148600000888109,476799.256699999794364
2000.000000000000000,250000.000000000000000,17,1212482.148600000888109,476799.256699999794364
2000.000000000000000,250000.000000000000000,89,1212982.148600000888109,476799.256699999794364
2000.000000000000000,250000.000000000000000,100,1213482.148600000888109,476799.256699999794364
2000.000000000000000,250000.000000000000000,33,1213982.148600000888109,476799.256699999794364
2000.000000000000000,250000.000000000000000,32,1214482.148600000888109,476799.256699999794364
2000.000000000000000,250000.000000000000000,16,1214982.148600000888109,476799.256699999794364
2000.000000000000000,250000.000000000000000,22,1215482.148600000888109,476799.256699999794364
2000.000000000000000,250000.000000000000000,35,1215982.148600000888109,476799.256699999794364
2000.000000000000000,250000.000000000000000,27,1216482.148600000888109,476799.256699999794364
2000.000000000000000,250000.000000000000000,7,1202482.148600000888109,477299.256699999794364
2000.000000000000000,250000.000000000000000,5,1202982.148600000888109,477299.256699999794364
2000.000000000000000,250000.000000000000000,7,1203482.148600000888109,477299.256699999794364
2000.000000000000000,250000.000000000000000,4,1204482.148600000888109,477299.256699999794364
2000.000000000000000,250000.000000000000000,11,1204982.148600000888109,477299.256699999794364
2000.000000000000000,250000.000000000000000,6,1205482.148600000888109,477299.256699999794364
2000.000000000000000,250000.000000000000000,4,1205982.148600000888109,477299.256699999794364
2000.000000000000000,250000.000000000000000,40,1206482.148600000888109,477299.256699999794364
2000.000000000000000,250000.000000000000000,30,1206982.148600000888109,477299.256699999794364
2000.000000000000000,250000.000000000000000,114,1207482.148600000888109,477299.256699999794364
2000.000000000000000,250000.000000000000000,31,1207982.148600000888109,477299.256699999794364
2000.000000000000000,250000.000000000000000,116,1208482.148600000888109,477299.256699999794364
2000.000000000000000,250000.000000000000000,60,1208982.148600000888109,477299.256699999794364
2000.000000000000000,250000.000000000000000,102,1209482.148600000888109,477299.256699999794364
2000.000000000000000,250000.000000000000000,42,1209982.148600000888109,477299.256699999794364
2000.000000000000000,250000.000000000000000,193,1210482.148600000888109,477299.256699999794364
2000.000000000000000,250000.000000000000000,302,1210982.148600000888109,477299.256699999794364
2000.000000000000000,250000.000000000000000,52,1211482.148600000888109,477299.256699999794364
2000.000000000000000,250000.000000000000000,26,1211982.148600000888109,477299.256699999794364
2000.000000000000000,250000.000000000000000,149,1212482.148600000888109,477299.256699999794364
2000.000000000000000,250000.000000000000000,86,1212982.148600000888109,477299.256699999794364
2000.000000000000000,250000.000000000000000,153,1213482.148600000888109,477299.256699999794364
2000.000000000000000,250000.000000000000000,26,1213982.148600000888109,477299.256699999794364
2000.000000000000000,250000.000000000000000,43,1214482.148600000888109,477299.256699999794364
2000.000000000000000,250000.000000000000000,49,1214982.148600000888109,477299.256699999794364
2000.000000000000000,250000.000000000000000,24,1215482.148600000888109,477299.256699999794364
2000.000000000000000,250000.000000000000000,13,1215982.148600000888109,477299.256699999794364
2000.000000000000000,250000.000000000000000,11,1216482.148600000888109,477299.256699999794364
2000.000000000000000,250000.000000000000000,22,1207482.148600000888109,477799.256699999794364
2000.000000000000000,250000.000000000000000,13,1207982.148600000888109,477799.256699999794364
2000.000000000000000,250000.000000000000000,80,1208482.148600000888109,477799.256699999794364
2000.000000000000000,250000.000000000000000,571,1208982.148600000888109,477799.256699999794364
2000.000000000000000,250000.000000000000000,532,1209482.148600000888109,477799.256699999794364
2000.000000000000000,250000.000000000000000,291,1209982.148600000888109,477799.256699999794364
2000.000000000000000,250000.000000000000000,108,1210482.148600000888109,477799.256699999794364
2000.000000000000000,250000.000000000000000,272,1210982.148600000888109,477799.256699999794364
2000.000000000000000,250000.000000000000000,49,1211482.148600000888109,477799.256699999794364
2000.000000000000000,250000.000000000000000,36,1211982.148600000888109,477799.256699999794364
2000.000000000000000,250000.000000000000000,50,1212482.148600000888109,477799.256699999794364
2000.000000000000000,250000.000000000000000,55,1212982.148600000888109,477799.256699999794364
2000.000000000000000,250000.000000000000000,82,1213482.148600000888109,477799.256699999794364
2000.000000000000000,250000.000000000000000,27,1213982.148600000888109,477799.256699999794364
2000.000000000000000,250000.000000000000000,24,1214482.148600000888109,477799.256699999794364
2000.000000000000000,250000.000000000000000,18,1214982.148600000888109,477799.256699999794364
2000.000000000000000,250000.000000000000000,19,1215482.148600000888109,477799.256699999794364
2000.000000000000000,250000.000000000000000,12,1215982.148600000888109,477799.256699999794364
2000.000000000000000,250000.000000000000000,9,1216482.148600000888109,477799.256699999794364
2000.000000000000000,250000.000000000000000,59,1207982.148600000888109,478299.256699999794364
2000.000000000000000,250000.000000000000000,301,1208482.148600000888109,478299.256699999794364
2000.000000000000000,250000.000000000000000,396,1208982.148600000888109,478299.256699999794364
2000.000000000000000,250000.000000000000000,1852,1209482.148600000888109,478299.256699999794364
2000.000000000000000,250000.000000000000000,849,1209982.148600000888109,478299.256699999794364
2000.000000000000000,250000.000000000000000,1076,1210482.148600000888109,478299.256699999794364
2000.000000000000000,250000.000000000000000,1188,1210982.148600000888109,478299.256699999794364
2000.000000000000000,250000.000000000000000,324,1211482.148600000888109,478299.256699999794364
2000.000000000000000,250000.000000000000000,184,1211982.148600000888109,478299.256699999794364
2000.000000000000000,250000.000000000000000,109,1212482.148600000888109,478299.256699999794364
2000.000000000000000,250000.000000000000000,153,1212982.148600000888109,478299.256699999794364
2000.000000000000000,250000.000000000000000,80,1213482.148600000888109,478299.256699999794364
2000.000000000000000,250000.000000000000000,109,1213982.148600000888109,478299.256699999794364
2000.000000000000000,250000.000000000000000,74,1214482.148600000888109,478299.256699999794364
2000.000000000000000,250000.000000000000000,47,1214982.148600000888109,478299.256699999794364
2000.000000000000000,250000.000000000000000,18,1215482.148600000888109,478299.256699999794364
2000.000000000000000,250000.000000000000000,29,1215982.148600000888109,478299.256699999794364
2000.000000000000000,250000.000000000000000,27,1216482.148600000888109,478299.256699999794364
2000.000000000000000,250000.000000000000000,222,1207982.148600000888109,478799.256699999794364
2000.000000000000000,250000.000000000000000,150,1208482.148600000888109,478799.256699999794364
2000.000000000000000,250000.000000000000000,552,1208982.148600000888109,478799.256699999794364
2000.000000000000000,250000.000000000000000,709,1209482.148600000888109,478799.256699999794364
2000.000000000000000,250000.000000000000000,1224,1209982.148600000888109,478799.256699999794364
2000.000000000000000,250000.000000000000000,532,1210482.148600000888109,478799.256699999794364
2000.000000000000000,250000.000000000000000,242,1210982.148600000888109,478799.256699999794364
2000.000000000000000,250000.000000000000000,213,1211482.148600000888109,478799.256699999794364
2000.000000000000000,250000.000000000000000,43,1211982.148600000888109,478799.256699999794364
2000.000000000000000,250000.000000000000000,16,1212482.148600000888109,478799.256699999794364
2000.000000000000000,250000.000000000000000,33,1212982.148600000888109,478799.256699999794364
2000.000000000000000,250000.000000000000000,44,1213482.148600000888109,478799.256699999794364
2000.000000000000000,250000.000000000000000,73,1213982.148600000888109,478799.256699999794364
2000.000000000000000,250000.000000000000000,40,1214482.148600000888109,478799.256699999794364
2000.000000000000000,250000.000000000000000,66,1214982.148600000888109,478799.256699999794364
2000.000000000000000,250000.000000000000000,4,1215482.148600000888109,478799.256699999794364
2000.000000000000000,250000.000000000000000,22,1215982.148600000888109,478799.256699999794364
2000.000000000000000,250000.000000000000000,64,1216482.148600000888109,478799.256699999794364
2000.000000000000000,250000.000000000000000,3,1207482.148600000888109,479299.256699999794364
2000.000000000000000,250000.000000000000000,141,1207982.148600000888109,479299.256699999794364
2000.000000000000000,250000.000000000000000,246,1208482.148600000888109,479299.256699999794364
2000.000000000000000,250000.000000000000000,147,1208982.148600000888109,479299.256699999794364
2000.000000000000000,250000.000000000000000,156,1209482.148600000888109,479299.256699999794364
2000.000000000000000,250000.000000000000000,169,1209982.148600000888109,479299.256699999794364
2000.000000000000000,250000.000000000000000,46,1213982.148600000888109,479299.256699999794364
2000.000000000000000,250000.000000000000000,20,1214482.148600000888109,479299.256699999794364
2000.000000000000000,250000.000000000000000,21,1214982.148600000888109,479299.256699999794364
2000.000000000000000,250000.000000000000000,1,1215482.148600000888109,479299.256699999794364
2000.000000000000000,250000.000000000000000,6,1215982.148600000888109,479299.256699999794364
2000.000000000000000,250000.000000000000000,9,1216482.148600000888109,479299.256699999794364
2000.000000000000000,250000.000000000000000,6,1207482.148600000888109,479799.256699999794364
2000.000000000000000,250000.000000000000000,13,1207982.148600000888109,479799.256699999794364
2000.000000000000000,250000.000000000000000,73,1208482.148600000888109,479799.256699999794364
2000.000000000000000,250000.000000000000000,1,1213982.148600000888109,479799.256699999794364
2000.000000000000000,250000.000000000000000,4,1214482.148600000888109,479799.256699999794364
2000.000000000000000,250000.000000000000000,1,1214982.148600000888109,479799.256699999794364
2000.000000000000000,250000.000000000000000,4,1216482.148600000888109,479799.256699999794364
2000.000000000000000,250000.000000000000000,7,1206982.148600000888109,480299.256699999794364
2000.000000000000000,250000.000000000000000,1,1207982.148600000888109,480299.256699999794364
2000.000000000000000,250000.000000000000000,13,1208482.148600000888109,480299.256699999794364
2000.000000000000000,250000.000000000000000,8,1208982.148600000888109,480299.256699999794364
2000.000000000000000,250000.000000000000000,6,1209482.148600000888109,480299.256699999794364
2000.000000000000000,250000.000000000000000,2,1208982.148600000888109,480799.256699999794364
2000.000000000000000,250000.000000000000000,3,1207482.148600000888109,481299.256699999794364
2000.000000000000000,250000.000000000000000,1,1207982.148600000888109,481299.256699999794364
2000.000000000000000,250000.000000000000000,9,1207982.148600000888109,481799.256699999794364
