OID_,COUNT,SUM_Add1,SHAPE_Length,SHAPE_Area,X_Coord,Y_Coord
104,9.000000000000000,9.000000000000000,2000.000000000000000,250000.000000000000000,1214982.148600000888109,470299.256699999794364
21,10.000000000000000,10.000000000000000,2000.000000000000000,250000.000000000000000,1209482.148600000888109,469299.256699999794364
99,47.000000000000000,47.000000000000000,2000.000000000000000,250000.000000000000000,1212482.148600000888109,470299.256699999794364
101,43.000000000000000,43.000000000000000,2000.000000000000000,250000.000000000000000,1213482.148600000888109,470299.256699999794364
56,183.000000000000000,183.000000000000000,2000.000000000000000,250000.000000000000000,1208982.148600000888109,469799.256699999794364
107,45.000000000000000,45.000000000000000,2000.000000000000000,250000.000000000000000,1216482.148600000888109,470299.256699999794364
72,4.000000000000000,4.000000000000000,2000.000000000000000,250000.000000000000000,1216982.148600000888109,469799.256699999794364
89,11.000000000000000,11.000000000000000,2000.000000000000000,250000.000000000000000,1207482.148600000888109,470299.256699999794364
95,111.000000000000000,111.000000000000000,2000.000000000000000,250000.000000000000000,1210482.148600000888109,470299.256699999794364
54,10.000000000000000,10.000000000000000,2000.000000000000000,250000.000000000000000,1207982.148600000888109,469799.256699999794364
94,83.000000000000000,83.000000000000000,2000.000000000000000,250000.000000000000000,1209982.148600000888109,470299.256699999794364
108,20.000000000000000,20.000000000000000,2000.000000000000000,250000.000000000000000,1216982.148600000888109,470299.256699999794364
91,160.000000000000000,160.000000000000000,2000.000000000000000,250000.000000000000000,1208482.148600000888109,470299.256699999794364
58,58.000000000000000,58.000000000000000,2000.000000000000000,250000.000000000000000,1209982.148600000888109,469799.256699999794364
59,2.000000000000000,2.000000000000000,2000.000000000000000,250000.000000000000000,1210482.148600000888109,469799.256699999794364
69,6.000000000000000,6.000000000000000,2000.000000000000000,250000.000000000000000,1215482.148600000888109,469799.256699999794364
61,24.000000000000000,24.000000000000000,2000.000000000000000,250000.000000000000000,1211482.148600000888109,469799.256699999794364
102,41.000000000000000,41.000000000000000,2000.000000000000000,250000.000000000000000,1213982.148600000888109,470299.256699999794364
100,33.000000000000000,33.000000000000000,2000.000000000000000,250000.000000000000000,1212982.148600000888109,470299.256699999794364
20,25.000000000000000,25.000000000000000,2000.000000000000000,250000.000000000000000,1208982.148600000888109,469299.256699999794364
66,2.000000000000000,2.000000000000000,2000.000000000000000,250000.000000000000000,1213982.148600000888109,469799.256699999794364
60,8.000000000000000,8.000000000000000,2000.000000000000000,250000.000000000000000,1210982.148600000888109,469799.256699999794364
67,6.000000000000000,6.000000000000000,2000.000000000000000,250000.000000000000000,1214482.148600000888109,469799.256699999794364
70,7.000000000000000,7.000000000000000,2000.000000000000000,250000.000000000000000,1215982.148600000888109,469799.256699999794364
105,43.000000000000000,43.000000000000000,2000.000000000000000,250000.000000000000000,1215482.148600000888109,470299.256699999794364
57,108.000000000000000,108.000000000000000,2000.000000000000000,250000.000000000000000,1209482.148600000888109,469799.256699999794364
55,193.000000000000000,193.000000000000000,2000.000000000000000,250000.000000000000000,1208482.148600000888109,469799.256699999794364
97,310.000000000000000,310.000000000000000,2000.000000000000000,250000.000000000000000,1211482.148600000888109,470299.256699999794364
92,56.000000000000000,56.000000000000000,2000.000000000000000,250000.000000000000000,1208982.148600000888109,470299.256699999794364
93,85.000000000000000,85.000000000000000,2000.000000000000000,250000.000000000000000,1209482.148600000888109,470299.256699999794364
103,52.000000000000000,52.000000000000000,2000.000000000000000,250000.000000000000000,1214482.148600000888109,470299.256699999794364
98,94.000000000000000,94.000000000000000,2000.000000000000000,250000.000000000000000,1211982.148600000888109,470299.256699999794364
90,30.000000000000000,30.000000000000000,2000.000000000000000,250000.000000000000000,1207982.148600000888109,470299.256699999794364
106,10.000000000000000,10.000000000000000,2000.000000000000000,250000.000000000000000,1215982.148600000888109,470299.256699999794364
68,7.000000000000000,7.000000000000000,2000.000000000000000,250000.000000000000000,1214982.148600000888109,469799.256699999794364
96,106.000000000000000,106.000000000000000,2000.000000000000000,250000.000000000000000,1210982.148600000888109,470299.256699999794364
234,45.000000000000000,45.000000000000000,2000.000000000000000,250000.000000000000000,1207982.148600000888109,472299.256699999794364
140,6.000000000000000,6.000000000000000,2000.000000000000000,250000.000000000000000,1214982.148600000888109,470799.256699999794364
194,4.000000000000000,4.000000000000000,2000.000000000000000,250000.000000000000000,1205982.148600000888109,471799.256699999794364
135,64.000000000000000,64.000000000000000,2000.000000000000000,250000.000000000000000,1212482.148600000888109,470799.256699999794364
128,29.000000000000000,29.000000000000000,2000.000000000000000,250000.000000000000000,1208982.148600000888109,470799.256699999794364
214,99.000000000000000,99.000000000000000,2000.000000000000000,250000.000000000000000,1215982.148600000888109,471799.256699999794364
192,16.000000000000000,16.000000000000000,2000.000000000000000,250000.000000000000000,1204982.148600000888109,471799.256699999794364
137,43.000000000000000,43.000000000000000,2000.000000000000000,250000.000000000000000,1213482.148600000888109,470799.256699999794364
176,25.000000000000000,25.000000000000000,2000.000000000000000,250000.000000000000000,1214982.148600000888109,471299.256699999794364
142,11.000000000000000,11.000000000000000,2000.000000000000000,250000.000000000000000,1215982.148600000888109,470799.256699999794364
164,18.000000000000000,18.000000000000000,2000.000000000000000,250000.000000000000000,1208982.148600000888109,471299.256699999794364
161,32.000000000000000,32.000000000000000,2000.000000000000000,250000.000000000000000,1207482.148600000888109,471299.256699999794364
235,36.000000000000000,36.000000000000000,2000.000000000000000,250000.000000000000000,1208482.148600000888109,472299.256699999794364
198,42.000000000000000,42.000000000000000,2000.000000000000000,250000.000000000000000,1207982.148600000888109,471799.256699999794364
199,35.000000000000000,35.000000000000000,2000.000000000000000,250000.000000000000000,1208482.148600000888109,471799.256699999794364
162,56.000000000000000,56.000000000000000,2000.000000000000000,250000.000000000000000,1207982.148600000888109,471299.256699999794364
131,51.000000000000000,51.000000000000000,2000.000000000000000,250000.000000000000000,1210482.148600000888109,470799.256699999794364
133,68.000000000000000,68.000000000000000,2000.000000000000000,250000.000000000000000,1211482.148600000888109,470799.256699999794364
209,35.000000000000000,35.000000000000000,2000.000000000000000,250000.000000000000000,1213482.148600000888109,471799.256699999794364
126,56.000000000000000,56.000000000000000,2000.000000000000000,250000.000000000000000,1207982.148600000888109,470799.256699999794364
197,38.000000000000000,38.000000000000000,2000.000000000000000,250000.000000000000000,1207482.148600000888109,471799.256699999794364
177,47.000000000000000,47.000000000000000,2000.000000000000000,250000.000000000000000,1215482.148600000888109,471299.256699999794364
232,47.000000000000000,47.000000000000000,2000.000000000000000,250000.000000000000000,1206982.148600000888109,472299.256699999794364
226,2.000000000000000,2.000000000000000,2000.000000000000000,250000.000000000000000,1203982.148600000888109,472299.256699999794364
138,41.000000000000000,41.000000000000000,2000.000000000000000,250000.000000000000000,1213982.148600000888109,470799.256699999794364
196,39.000000000000000,39.000000000000000,2000.000000000000000,250000.000000000000000,1206982.148600000888109,471799.256699999794364
213,69.000000000000000,69.000000000000000,2000.000000000000000,250000.000000000000000,1215482.148600000888109,471799.256699999794364
125,35.000000000000000,35.000000000000000,2000.000000000000000,250000.000000000000000,1207482.148600000888109,470799.256699999794364
180,15.000000000000000,15.000000000000000,2000.000000000000000,250000.000000000000000,1216982.148600000888109,471299.256699999794364
170,65.000000000000000,65.000000000000000,2000.000000000000000,250000.000000000000000,1211982.148600000888109,471299.256699999794364
174,56.000000000000000,56.000000000000000,2000.000000000000000,250000.000000000000000,1213982.148600000888109,471299.256699999794364
141,10.000000000000000,10.000000000000000,2000.000000000000000,250000.000000000000000,1215482.148600000888109,470799.256699999794364
143,25.000000000000000,25.000000000000000,2000.000000000000000,250000.000000000000000,1216482.148600000888109,470799.256699999794364
166,62.000000000000000,62.000000000000000,2000.000000000000000,250000.000000000000000,1209982.148600000888109,471299.256699999794364
157,15.000000000000000,15.000000000000000,2000.000000000000000,250000.000000000000000,1205482.148600000888109,471299.256699999794364
129,74.000000000000000,74.000000000000000,2000.000000000000000,250000.000000000000000,1209482.148600000888109,470799.256699999794364
227,25.000000000000000,25.000000000000000,2000.000000000000000,250000.000000000000000,1204482.148600000888109,472299.256699999794364
204,50.000000000000000,50.000000000000000,2000.000000000000000,250000.000000000000000,1210982.148600000888109,471799.256699999794364
178,52.000000000000000,52.000000000000000,2000.000000000000000,250000.000000000000000,1215982.148600000888109,471299.256699999794364
136,72.000000000000000,72.000000000000000,2000.000000000000000,250000.000000000000000,1212982.148600000888109,470799.256699999794364
200,46.000000000000000,46.000000000000000,2000.000000000000000,250000.000000000000000,1208982.148600000888109,471799.256699999794364
207,55.000000000000000,55.000000000000000,2000.000000000000000,250000.000000000000000,1212482.148600000888109,471799.256699999794364
231,29.000000000000000,29.000000000000000,2000.000000000000000,250000.000000000000000,1206482.148600000888109,472299.256699999794364
169,57.000000000000000,57.000000000000000,2000.000000000000000,250000.000000000000000,1211482.148600000888109,471299.256699999794364
202,55.000000000000000,55.000000000000000,2000.000000000000000,250000.000000000000000,1209982.148600000888109,471799.256699999794364
123,1.000000000000000,1.000000000000000,2000.000000000000000,250000.000000000000000,1206482.148600000888109,470799.256699999794364
160,6.000000000000000,6.000000000000000,2000.000000000000000,250000.000000000000000,1206982.148600000888109,471299.256699999794364
190,6.000000000000000,6.000000000000000,2000.000000000000000,250000.000000000000000,1203982.148600000888109,471799.256699999794364
208,52.000000000000000,52.000000000000000,2000.000000000000000,250000.000000000000000,1212982.148600000888109,471799.256699999794364
158,2.000000000000000,2.000000000000000,2000.000000000000000,250000.000000000000000,1205982.148600000888109,471299.256699999794364
173,57.000000000000000,57.000000000000000,2000.000000000000000,250000.000000000000000,1213482.148600000888109,471299.256699999794364
233,43.000000000000000,43.000000000000000,2000.000000000000000,250000.000000000000000,1207482.148600000888109,472299.256699999794364
168,27.000000000000000,27.000000000000000,2000.000000000000000,250000.000000000000000,1210982.148600000888109,471299.256699999794364
210,91.000000000000000,91.000000000000000,2000.000000000000000,250000.000000000000000,1213982.148600000888109,471799.256699999794364
130,74.000000000000000,74.000000000000000,2000.000000000000000,250000.000000000000000,1209982.148600000888109,470799.256699999794364
205,63.000000000000000,63.000000000000000,2000.000000000000000,250000.000000000000000,1211482.148600000888109,471799.256699999794364
212,48.000000000000000,48.000000000000000,2000.000000000000000,250000.000000000000000,1214982.148600000888109,471799.256699999794364
191,13.000000000000000,13.000000000000000,2000.000000000000000,250000.000000000000000,1204482.148600000888109,471799.256699999794364
121,5.000000000000000,5.000000000000000,2000.000000000000000,250000.000000000000000,1205482.148600000888109,470799.256699999794364
159,2.000000000000000,2.000000000000000,2000.000000000000000,250000.000000000000000,1206482.148600000888109,471299.256699999794364
203,35.000000000000000,35.000000000000000,2000.000000000000000,250000.000000000000000,1210482.148600000888109,471799.256699999794364
139,17.000000000000000,17.000000000000000,2000.000000000000000,250000.000000000000000,1214482.148600000888109,470799.256699999794364
195,18.000000000000000,18.000000000000000,2000.000000000000000,250000.000000000000000,1206482.148600000888109,471799.256699999794364
127,61.000000000000000,61.000000000000000,2000.000000000000000,250000.000000000000000,1208482.148600000888109,470799.256699999794364
201,62.000000000000000,62.000000000000000,2000.000000000000000,250000.000000000000000,1209482.148600000888109,471799.256699999794364
193,10.000000000000000,10.000000000000000,2000.000000000000000,250000.000000000000000,1205482.148600000888109,471799.256699999794364
167,6.000000000000000,6.000000000000000,2000.000000000000000,250000.000000000000000,1210482.148600000888109,471299.256699999794364
179,41.000000000000000,41.000000000000000,2000.000000000000000,250000.000000000000000,1216482.148600000888109,471299.256699999794364
122,5.000000000000000,5.000000000000000,2000.000000000000000,250000.000000000000000,1205982.148600000888109,470799.256699999794364
229,19.000000000000000,19.000000000000000,2000.000000000000000,250000.000000000000000,1205482.148600000888109,472299.256699999794364
132,60.000000000000000,60.000000000000000,2000.000000000000000,250000.000000000000000,1210982.148600000888109,470799.256699999794364
215,34.000000000000000,34.000000000000000,2000.000000000000000,250000.000000000000000,1216482.148600000888109,471799.256699999794364
206,110.000000000000000,110.000000000000000,2000.000000000000000,250000.000000000000000,1211982.148600000888109,471799.256699999794364
230,19.000000000000000,19.000000000000000,2000.000000000000000,250000.000000000000000,1205982.148600000888109,472299.256699999794364
163,48.000000000000000,48.000000000000000,2000.000000000000000,250000.000000000000000,1208482.148600000888109,471299.256699999794364
165,70.000000000000000,70.000000000000000,2000.000000000000000,250000.000000000000000,1209482.148600000888109,471299.256699999794364
171,56.000000000000000,56.000000000000000,2000.000000000000000,250000.000000000000000,1212482.148600000888109,471299.256699999794364
211,48.000000000000000,48.000000000000000,2000.000000000000000,250000.000000000000000,1214482.148600000888109,471799.256699999794364
216,20.000000000000000,20.000000000000000,2000.000000000000000,250000.000000000000000,1216982.148600000888109,471799.256699999794364
144,19.000000000000000,19.000000000000000,2000.000000000000000,250000.000000000000000,1216982.148600000888109,470799.256699999794364
175,30.000000000000000,30.000000000000000,2000.000000000000000,250000.000000000000000,1214482.148600000888109,471299.256699999794364
172,79.000000000000000,79.000000000000000,2000.000000000000000,250000.000000000000000,1212982.148600000888109,471299.256699999794364
134,52.000000000000000,52.000000000000000,2000.000000000000000,250000.000000000000000,1211982.148600000888109,470799.256699999794364
228,44.000000000000000,44.000000000000000,2000.000000000000000,250000.000000000000000,1204982.148600000888109,472299.256699999794364
284,41.000000000000000,41.000000000000000,2000.000000000000000,250000.000000000000000,1214982.148600000888109,472799.256699999794364
311,23.000000000000000,23.000000000000000,2000.000000000000000,250000.000000000000000,1210482.148600000888109,473299.256699999794364
240,52.000000000000000,52.000000000000000,2000.000000000000000,250000.000000000000000,1210982.148600000888109,472299.256699999794364
352,63.000000000000000,63.000000000000000,2000.000000000000000,250000.000000000000000,1212982.148600000888109,473799.256699999794364
252,20.000000000000000,20.000000000000000,2000.000000000000000,250000.000000000000000,1216982.148600000888109,472299.256699999794364
244,50.000000000000000,50.000000000000000,2000.000000000000000,250000.000000000000000,1212982.148600000888109,472299.256699999794364
317,72.000000000000000,72.000000000000000,2000.000000000000000,250000.000000000000000,1213482.148600000888109,473299.256699999794364
349,61.000000000000000,61.000000000000000,2000.000000000000000,250000.000000000000000,1211482.148600000888109,473799.256699999794364
309,45.000000000000000,45.000000000000000,2000.000000000000000,250000.000000000000000,1209482.148600000888109,473299.256699999794364
321,86.000000000000000,86.000000000000000,2000.000000000000000,250000.000000000000000,1215482.148600000888109,473299.256699999794364
279,43.000000000000000,43.000000000000000,2000.000000000000000,250000.000000000000000,1212482.148600000888109,472799.256699999794364
302,33.000000000000000,33.000000000000000,2000.000000000000000,250000.000000000000000,1205982.148600000888109,473299.256699999794364
261,6.000000000000000,6.000000000000000,2000.000000000000000,250000.000000000000000,1203482.148600000888109,472799.256699999794364
300,57.000000000000000,57.000000000000000,2000.000000000000000,250000.000000000000000,1204982.148600000888109,473299.256699999794364
245,63.000000000000000,63.000000000000000,2000.000000000000000,250000.000000000000000,1213482.148600000888109,472299.256699999794364
264,72.000000000000000,72.000000000000000,2000.000000000000000,250000.000000000000000,1204982.148600000888109,472799.256699999794364
247,50.000000000000000,50.000000000000000,2000.000000000000000,250000.000000000000000,1214482.148600000888109,472299.256699999794364
286,57.000000000000000,57.000000000000000,2000.000000000000000,250000.000000000000000,1215982.148600000888109,472799.256699999794364
288,53.000000000000000,53.000000000000000,2000.000000000000000,250000.000000000000000,1216982.148600000888109,472799.256699999794364
238,77.000000000000000,77.000000000000000,2000.000000000000000,250000.000000000000000,1209982.148600000888109,472299.256699999794364
345,38.000000000000000,38.000000000000000,2000.000000000000000,250000.000000000000000,1209482.148600000888109,473799.256699999794364
337,43.000000000000000,43.000000000000000,2000.000000000000000,250000.000000000000000,1205482.148600000888109,473799.256699999794364
277,72.000000000000000,72.000000000000000,2000.000000000000000,250000.000000000000000,1211482.148600000888109,472799.256699999794364
319,46.000000000000000,46.000000000000000,2000.000000000000000,250000.000000000000000,1214482.148600000888109,473299.256699999794364
347,14.000000000000000,14.000000000000000,2000.000000000000000,250000.000000000000000,1210482.148600000888109,473799.256699999794364
282,179.000000000000000,179.000000000000000,2000.000000000000000,250000.000000000000000,1213982.148600000888109,472799.256699999794364
308,20.000000000000000,20.000000000000000,2000.000000000000000,250000.000000000000000,1208982.148600000888109,473299.256699999794364
342,33.000000000000000,33.000000000000000,2000.000000000000000,250000.000000000000000,1207982.148600000888109,473799.256699999794364
303,38.000000000000000,38.000000000000000,2000.000000000000000,250000.000000000000000,1206482.148600000888109,473299.256699999794364
267,35.000000000000000,35.000000000000000,2000.000000000000000,250000.000000000000000,1206482.148600000888109,472799.256699999794364
310,50.000000000000000,50.000000000000000,2000.000000000000000,250000.000000000000000,1209982.148600000888109,473299.256699999794364
341,49.000000000000000,49.000000000000000,2000.000000000000000,250000.000000000000000,1207482.148600000888109,473799.256699999794364
314,43.000000000000000,43.000000000000000,2000.000000000000000,250000.000000000000000,1211982.148600000888109,473299.256699999794364
322,230.000000000000000,230.000000000000000,2000.000000000000000,250000.000000000000000,1215982.148600000888109,473299.256699999794364
343,34.000000000000000,34.000000000000000,2000.000000000000000,250000.000000000000000,1208482.148600000888109,473799.256699999794364
320,52.000000000000000,52.000000000000000,2000.000000000000000,250000.000000000000000,1214982.148600000888109,473299.256699999794364
350,62.000000000000000,62.000000000000000,2000.000000000000000,250000.000000000000000,1211982.148600000888109,473799.256699999794364
283,70.000000000000000,70.000000000000000,2000.000000000000000,250000.000000000000000,1214482.148600000888109,472799.256699999794364
243,47.000000000000000,47.000000000000000,2000.000000000000000,250000.000000000000000,1212482.148600000888109,472299.256699999794364
250,64.000000000000000,64.000000000000000,2000.000000000000000,250000.000000000000000,1215982.148600000888109,472299.256699999794364
274,433.000000000000000,433.000000000000000,2000.000000000000000,250000.000000000000000,1209982.148600000888109,472799.256699999794364
318,90.000000000000000,90.000000000000000,2000.000000000000000,250000.000000000000000,1213982.148600000888109,473299.256699999794364
271,47.000000000000000,47.000000000000000,2000.000000000000000,250000.000000000000000,1208482.148600000888109,472799.256699999794364
239,67.000000000000000,67.000000000000000,2000.000000000000000,250000.000000000000000,1210482.148600000888109,472299.256699999794364
324,25.000000000000000,25.000000000000000,2000.000000000000000,250000.000000000000000,1216982.148600000888109,473299.256699999794364
307,35.000000000000000,35.000000000000000,2000.000000000000000,250000.000000000000000,1208482.148600000888109,473299.256699999794364
348,88.000000000000000,88.000000000000000,2000.000000000000000,250000.000000000000000,1210982.148600000888109,473799.256699999794364
305,79.000000000000000,79.000000000000000,2000.000000000000000,250000.000000000000000,1207482.148600000888109,473299.256699999794364
278,50.000000000000000,50.000000000000000,2000.000000000000000,250000.000000000000000,1211982.148600000888109,472799.256699999794364
236,35.000000000000000,35.000000000000000,2000.000000000000000,250000.000000000000000,1208982.148600000888109,472299.256699999794364
323,159.000000000000000,159.000000000000000,2000.000000000000000,250000.000000000000000,1216482.148600000888109,473299.256699999794364
273,95.000000000000000,95.000000000000000,2000.000000000000000,250000.000000000000000,1209482.148600000888109,472799.256699999794364
336,46.000000000000000,46.000000000000000,2000.000000000000000,250000.000000000000000,1204982.148600000888109,473799.256699999794364
246,151.000000000000000,151.000000000000000,2000.000000000000000,250000.000000000000000,1213982.148600000888109,472299.256699999794364
248,45.000000000000000,45.000000000000000,2000.000000000000000,250000.000000000000000,1214982.148600000888109,472299.256699999794364
344,50.000000000000000,50.000000000000000,2000.000000000000000,250000.000000000000000,1208982.148600000888109,473799.256699999794364
312,58.000000000000000,58.000000000000000,2000.000000000000000,250000.000000000000000,1210982.148600000888109,473299.256699999794364
242,125.000000000000000,125.000000000000000,2000.000000000000000,250000.000000000000000,1211982.148600000888109,472299.256699999794364
280,77.000000000000000,77.000000000000000,2000.000000000000000,250000.000000000000000,1212982.148600000888109,472799.256699999794364
269,172.000000000000000,172.000000000000000,2000.000000000000000,250000.000000000000000,1207482.148600000888109,472799.256699999794364
340,33.000000000000000,33.000000000000000,2000.000000000000000,250000.000000000000000,1206982.148600000888109,473799.256699999794364
249,52.000000000000000,52.000000000000000,2000.000000000000000,250000.000000000000000,1215482.148600000888109,472299.256699999794364
276,56.000000000000000,56.000000000000000,2000.000000000000000,250000.000000000000000,1210982.148600000888109,472799.256699999794364
315,76.000000000000000,76.000000000000000,2000.000000000000000,250000.000000000000000,1212482.148600000888109,473299.256699999794364
266,43.000000000000000,43.000000000000000,2000.000000000000000,250000.000000000000000,1205982.148600000888109,472799.256699999794364
353,70.000000000000000,70.000000000000000,2000.000000000000000,250000.000000000000000,1213482.148600000888109,473799.256699999794364
272,30.000000000000000,30.000000000000000,2000.000000000000000,250000.000000000000000,1208982.148600000888109,472799.256699999794364
304,57.000000000000000,57.000000000000000,2000.000000000000000,250000.000000000000000,1206982.148600000888109,473299.256699999794364
281,62.000000000000000,62.000000000000000,2000.000000000000000,250000.000000000000000,1213482.148600000888109,472799.256699999794364
263,49.000000000000000,49.000000000000000,2000.000000000000000,250000.000000000000000,1204482.148600000888109,472799.256699999794364
270,33.000000000000000,33.000000000000000,2000.000000000000000,250000.000000000000000,1207982.148600000888109,472799.256699999794364
237,58.000000000000000,58.000000000000000,2000.000000000000000,250000.000000000000000,1209482.148600000888109,472299.256699999794364
299,37.000000000000000,37.000000000000000,2000.000000000000000,250000.000000000000000,1204482.148600000888109,473299.256699999794364
338,33.000000000000000,33.000000000000000,2000.000000000000000,250000.000000000000000,1205982.148600000888109,473799.256699999794364
251,66.000000000000000,66.000000000000000,2000.000000000000000,250000.000000000000000,1216482.148600000888109,472299.256699999794364
306,34.000000000000000,34.000000000000000,2000.000000000000000,250000.000000000000000,1207982.148600000888109,473299.256699999794364
287,274.000000000000000,274.000000000000000,2000.000000000000000,250000.000000000000000,1216482.148600000888109,472799.256699999794364
351,65.000000000000000,65.000000000000000,2000.000000000000000,250000.000000000000000,1212482.148600000888109,473799.256699999794364
285,75.000000000000000,75.000000000000000,2000.000000000000000,250000.000000000000000,1215482.148600000888109,472799.256699999794364
241,75.000000000000000,75.000000000000000,2000.000000000000000,250000.000000000000000,1211482.148600000888109,472299.256699999794364
262,9.000000000000000,9.000000000000000,2000.000000000000000,250000.000000000000000,1203982.148600000888109,472799.256699999794364
268,130.000000000000000,130.000000000000000,2000.000000000000000,250000.000000000000000,1206982.148600000888109,472799.256699999794364
275,62.000000000000000,62.000000000000000,2000.000000000000000,250000.000000000000000,1210482.148600000888109,472799.256699999794364
335,62.000000000000000,62.000000000000000,2000.000000000000000,250000.000000000000000,1204482.148600000888109,473799.256699999794364
346,53.000000000000000,53.000000000000000,2000.000000000000000,250000.000000000000000,1209982.148600000888109,473799.256699999794364
316,57.000000000000000,57.000000000000000,2000.000000000000000,250000.000000000000000,1212982.148600000888109,473299.256699999794364
339,44.000000000000000,44.000000000000000,2000.000000000000000,250000.000000000000000,1206482.148600000888109,473799.256699999794364
313,61.000000000000000,61.000000000000000,2000.000000000000000,250000.000000000000000,1211482.148600000888109,473299.256699999794364
265,51.000000000000000,51.000000000000000,2000.000000000000000,250000.000000000000000,1205482.148600000888109,472799.256699999794364
301,37.000000000000000,37.000000000000000,2000.000000000000000,250000.000000000000000,1205482.148600000888109,473299.256699999794364
410,44.000000000000000,44.000000000000000,2000.000000000000000,250000.000000000000000,1205982.148600000888109,474799.256699999794364
356,85.000000000000000,85.000000000000000,2000.000000000000000,250000.000000000000000,1214982.148600000888109,473799.256699999794364
393,60.000000000000000,60.000000000000000,2000.000000000000000,250000.000000000000000,1215482.148600000888109,474299.256699999794364
387,58.000000000000000,58.000000000000000,2000.000000000000000,250000.000000000000000,1212482.148600000888109,474299.256699999794364
415,60.000000000000000,60.000000000000000,2000.000000000000000,250000.000000000000000,1208482.148600000888109,474799.256699999794364
467,40.000000000000000,40.000000000000000,2000.000000000000000,250000.000000000000000,1216482.148600000888109,475299.256699999794364
444,100.000000000000000,100.000000000000000,2000.000000000000000,250000.000000000000000,1204982.148600000888109,475299.256699999794364
453,148.000000000000000,148.000000000000000,2000.000000000000000,250000.000000000000000,1209482.148600000888109,475299.256699999794364
442,27.000000000000000,27.000000000000000,2000.000000000000000,250000.000000000000000,1203982.148600000888109,475299.256699999794364
392,61.000000000000000,61.000000000000000,2000.000000000000000,250000.000000000000000,1214982.148600000888109,474299.256699999794364
375,40.000000000000000,40.000000000000000,2000.000000000000000,250000.000000000000000,1206482.148600000888109,474299.256699999794364
355,155.000000000000000,155.000000000000000,2000.000000000000000,250000.000000000000000,1214482.148600000888109,473799.256699999794364
358,84.000000000000000,84.000000000000000,2000.000000000000000,250000.000000000000000,1215982.148600000888109,473799.256699999794364
383,49.000000000000000,49.000000000000000,2000.000000000000000,250000.000000000000000,1210482.148600000888109,474299.256699999794364
430,61.000000000000000,61.000000000000000,2000.000000000000000,250000.000000000000000,1215982.148600000888109,474799.256699999794364
411,49.000000000000000,49.000000000000000,2000.000000000000000,250000.000000000000000,1206482.148600000888109,474799.256699999794364
378,24.000000000000000,24.000000000000000,2000.000000000000000,250000.000000000000000,1207982.148600000888109,474299.256699999794364
390,155.000000000000000,155.000000000000000,2000.000000000000000,250000.000000000000000,1213982.148600000888109,474299.256699999794364
409,36.000000000000000,36.000000000000000,2000.000000000000000,250000.000000000000000,1205482.148600000888109,474799.256699999794364
448,62.000000000000000,62.000000000000000,2000.000000000000000,250000.000000000000000,1206982.148600000888109,475299.256699999794364
379,59.000000000000000,59.000000000000000,2000.000000000000000,250000.000000000000000,1208482.148600000888109,474299.256699999794364
396,17.000000000000000,17.000000000000000,2000.000000000000000,250000.000000000000000,1216982.148600000888109,474299.256699999794364
380,44.000000000000000,44.000000000000000,2000.000000000000000,250000.000000000000000,1208982.148600000888109,474299.256699999794364
461,133.000000000000000,133.000000000000000,2000.000000000000000,250000.000000000000000,1213482.148600000888109,475299.256699999794364
414,33.000000000000000,33.000000000000000,2000.000000000000000,250000.000000000000000,1207982.148600000888109,474799.256699999794364
391,83.000000000000000,83.000000000000000,2000.000000000000000,250000.000000000000000,1214482.148600000888109,474299.256699999794364
421,62.000000000000000,62.000000000000000,2000.000000000000000,250000.000000000000000,1211482.148600000888109,474799.256699999794364
371,21.000000000000000,21.000000000000000,2000.000000000000000,250000.000000000000000,1204482.148600000888109,474299.256699999794364
395,54.000000000000000,54.000000000000000,2000.000000000000000,250000.000000000000000,1216482.148600000888109,474299.256699999794364
443,64.000000000000000,64.000000000000000,2000.000000000000000,250000.000000000000000,1204482.148600000888109,475299.256699999794364
389,93.000000000000000,93.000000000000000,2000.000000000000000,250000.000000000000000,1213482.148600000888109,474299.256699999794364
370,8.000000000000000,8.000000000000000,2000.000000000000000,250000.000000000000000,1203982.148600000888109,474299.256699999794364
432,11.000000000000000,11.000000000000000,2000.000000000000000,250000.000000000000000,1216982.148600000888109,474799.256699999794364
460,83.000000000000000,83.000000000000000,2000.000000000000000,250000.000000000000000,1212982.148600000888109,475299.256699999794364
418,125.000000000000000,125.000000000000000,2000.000000000000000,250000.000000000000000,1209982.148600000888109,474799.256699999794364
449,94.000000000000000,94.000000000000000,2000.000000000000000,250000.000000000000000,1207482.148600000888109,475299.256699999794364
445,39.000000000000000,39.000000000000000,2000.000000000000000,250000.000000000000000,1205482.148600000888109,475299.256699999794364
354,107.000000000000000,107.000000000000000,2000.000000000000000,250000.000000000000000,1213982.148600000888109,473799.256699999794364
455,143.000000000000000,143.000000000000000,2000.000000000000000,250000.000000000000000,1210482.148600000888109,475299.256699999794364
369,2.000000000000000,2.000000000000000,2000.000000000000000,250000.000000000000000,1203482.148600000888109,474299.256699999794364
452,45.000000000000000,45.000000000000000,2000.000000000000000,250000.000000000000000,1208982.148600000888109,475299.256699999794364
422,67.000000000000000,67.000000000000000,2000.000000000000000,250000.000000000000000,1211982.148600000888109,474799.256699999794364
431,51.000000000000000,51.000000000000000,2000.000000000000000,250000.000000000000000,1216482.148600000888109,474799.256699999794364
413,46.000000000000000,46.000000000000000,2000.000000000000000,250000.000000000000000,1207482.148600000888109,474799.256699999794364
462,37.000000000000000,37.000000000000000,2000.000000000000000,250000.000000000000000,1213982.148600000888109,475299.256699999794364
394,76.000000000000000,76.000000000000000,2000.000000000000000,250000.000000000000000,1215982.148600000888109,474299.256699999794364
463,51.000000000000000,51.000000000000000,2000.000000000000000,250000.000000000000000,1214482.148600000888109,475299.256699999794364
407,35.000000000000000,35.000000000000000,2000.000000000000000,250000.000000000000000,1204482.148600000888109,474799.256699999794364
440,14.000000000000000,14.000000000000000,2000.000000000000000,250000.000000000000000,1202982.148600000888109,475299.256699999794364
464,54.000000000000000,54.000000000000000,2000.000000000000000,250000.000000000000000,1214982.148600000888109,475299.256699999794364
458,157.000000000000000,157.000000000000000,2000.000000000000000,250000.000000000000000,1211982.148600000888109,475299.256699999794364
429,52.000000000000000,52.000000000000000,2000.000000000000000,250000.000000000000000,1215482.148600000888109,474799.256699999794364
376,45.000000000000000,45.000000000000000,2000.000000000000000,250000.000000000000000,1206982.148600000888109,474299.256699999794364
388,75.000000000000000,75.000000000000000,2000.000000000000000,250000.000000000000000,1212982.148600000888109,474299.256699999794364
420,199.000000000000000,199.000000000000000,2000.000000000000000,250000.000000000000000,1210982.148600000888109,474799.256699999794364
360,19.000000000000000,19.000000000000000,2000.000000000000000,250000.000000000000000,1216982.148600000888109,473799.256699999794364
381,66.000000000000000,66.000000000000000,2000.000000000000000,250000.000000000000000,1209482.148600000888109,474299.256699999794364
424,208.000000000000000,208.000000000000000,2000.000000000000000,250000.000000000000000,1212982.148600000888109,474799.256699999794364
459,116.000000000000000,116.000000000000000,2000.000000000000000,250000.000000000000000,1212482.148600000888109,475299.256699999794364
457,121.000000000000000,121.000000000000000,2000.000000000000000,250000.000000000000000,1211482.148600000888109,475299.256699999794364
450,39.000000000000000,39.000000000000000,2000.000000000000000,250000.000000000000000,1207982.148600000888109,475299.256699999794364
385,70.000000000000000,70.000000000000000,2000.000000000000000,250000.000000000000000,1211482.148600000888109,474299.256699999794364
419,120.000000000000000,120.000000000000000,2000.000000000000000,250000.000000000000000,1210482.148600000888109,474799.256699999794364
408,46.000000000000000,46.000000000000000,2000.000000000000000,250000.000000000000000,1204982.148600000888109,474799.256699999794364
359,116.000000000000000,116.000000000000000,2000.000000000000000,250000.000000000000000,1216482.148600000888109,473799.256699999794364
423,62.000000000000000,62.000000000000000,2000.000000000000000,250000.000000000000000,1212482.148600000888109,474799.256699999794364
468,17.000000000000000,17.000000000000000,2000.000000000000000,250000.000000000000000,1216982.148600000888109,475299.256699999794364
412,34.000000000000000,34.000000000000000,2000.000000000000000,250000.000000000000000,1206982.148600000888109,474799.256699999794364
377,93.000000000000000,93.000000000000000,2000.000000000000000,250000.000000000000000,1207482.148600000888109,474299.256699999794364
447,68.000000000000000,68.000000000000000,2000.000000000000000,250000.000000000000000,1206482.148600000888109,475299.256699999794364
441,35.000000000000000,35.000000000000000,2000.000000000000000,250000.000000000000000,1203482.148600000888109,475299.256699999794364
427,87.000000000000000,87.000000000000000,2000.000000000000000,250000.000000000000000,1214482.148600000888109,474799.256699999794364
451,83.000000000000000,83.000000000000000,2000.000000000000000,250000.000000000000000,1208482.148600000888109,475299.256699999794364
384,185.000000000000000,185.000000000000000,2000.000000000000000,250000.000000000000000,1210982.148600000888109,474299.256699999794364
466,53.000000000000000,53.000000000000000,2000.000000000000000,250000.000000000000000,1215982.148600000888109,475299.256699999794364
454,262.000000000000000,262.000000000000000,2000.000000000000000,250000.000000000000000,1209982.148600000888109,475299.256699999794364
357,85.000000000000000,85.000000000000000,2000.000000000000000,250000.000000000000000,1215482.148600000888109,473799.256699999794364
417,109.000000000000000,109.000000000000000,2000.000000000000000,250000.000000000000000,1209482.148600000888109,474799.256699999794364
446,36.000000000000000,36.000000000000000,2000.000000000000000,250000.000000000000000,1205982.148600000888109,475299.256699999794364
465,49.000000000000000,49.000000000000000,2000.000000000000000,250000.000000000000000,1215482.148600000888109,475299.256699999794364
425,93.000000000000000,93.000000000000000,2000.000000000000000,250000.000000000000000,1213482.148600000888109,474799.256699999794364
382,70.000000000000000,70.000000000000000,2000.000000000000000,250000.000000000000000,1209982.148600000888109,474299.256699999794364
386,111.000000000000000,111.000000000000000,2000.000000000000000,250000.000000000000000,1211982.148600000888109,474299.256699999794364
428,77.000000000000000,77.000000000000000,2000.000000000000000,250000.000000000000000,1214982.148600000888109,474799.256699999794364
426,87.000000000000000,87.000000000000000,2000.000000000000000,250000.000000000000000,1213982.148600000888109,474799.256699999794364
374,53.000000000000000,53.000000000000000,2000.000000000000000,250000.000000000000000,1205982.148600000888109,474299.256699999794364
456,206.000000000000000,206.000000000000000,2000.000000000000000,250000.000000000000000,1210982.148600000888109,475299.256699999794364
416,25.000000000000000,25.000000000000000,2000.000000000000000,250000.000000000000000,1208982.148600000888109,474799.256699999794364
373,55.000000000000000,55.000000000000000,2000.000000000000000,250000.000000000000000,1205482.148600000888109,474299.256699999794364
372,49.000000000000000,49.000000000000000,2000.000000000000000,250000.000000000000000,1204982.148600000888109,474299.256699999794364
480,82.000000000000000,82.000000000000000,2000.000000000000000,250000.000000000000000,1204982.148600000888109,475799.256699999794364
558,201.000000000000000,201.000000000000000,2000.000000000000000,250000.000000000000000,1207982.148600000888109,476799.256699999794364
502,477.000000000000000,477.000000000000000,2000.000000000000000,250000.000000000000000,1215982.148600000888109,475799.256699999794364
568,146.000000000000000,146.000000000000000,2000.000000000000000,250000.000000000000000,1212982.148600000888109,476799.256699999794364
512,29.000000000000000,29.000000000000000,2000.000000000000000,250000.000000000000000,1202982.148600000888109,476299.256699999794364
494,216.000000000000000,216.000000000000000,2000.000000000000000,250000.000000000000000,1211982.148600000888109,475799.256699999794364
514,14.000000000000000,14.000000000000000,2000.000000000000000,250000.000000000000000,1203982.148600000888109,476299.256699999794364
523,359.000000000000000,359.000000000000000,2000.000000000000000,250000.000000000000000,1208482.148600000888109,476299.256699999794364
583,10.000000000000000,10.000000000000000,2000.000000000000000,250000.000000000000000,1202482.148600000888109,477299.256699999794364
525,369.000000000000000,369.000000000000000,2000.000000000000000,250000.000000000000000,1209482.148600000888109,476299.256699999794364
571,99.000000000000000,99.000000000000000,2000.000000000000000,250000.000000000000000,1214482.148600000888109,476799.256699999794364
563,420.000000000000000,420.000000000000000,2000.000000000000000,250000.000000000000000,1210482.148600000888109,476799.256699999794364
521,268.000000000000000,268.000000000000000,2000.000000000000000,250000.000000000000000,1207482.148600000888109,476299.256699999794364
575,42.000000000000000,42.000000000000000,2000.000000000000000,250000.000000000000000,1216482.148600000888109,476799.256699999794364
489,234.000000000000000,234.000000000000000,2000.000000000000000,250000.000000000000000,1209482.148600000888109,475799.256699999794364
497,169.000000000000000,169.000000000000000,2000.000000000000000,250000.000000000000000,1213482.148600000888109,475799.256699999794364
498,64.000000000000000,64.000000000000000,2000.000000000000000,250000.000000000000000,1213982.148600000888109,475799.256699999794364
501,87.000000000000000,87.000000000000000,2000.000000000000000,250000.000000000000000,1215482.148600000888109,475799.256699999794364
511,6.000000000000000,6.000000000000000,2000.000000000000000,250000.000000000000000,1202482.148600000888109,476299.256699999794364
548,16.000000000000000,16.000000000000000,2000.000000000000000,250000.000000000000000,1202982.148600000888109,476799.256699999794364
500,96.000000000000000,96.000000000000000,2000.000000000000000,250000.000000000000000,1214982.148600000888109,475799.256699999794364
550,1.000000000000000,1.000000000000000,2000.000000000000000,250000.000000000000000,1203982.148600000888109,476799.256699999794364
567,142.000000000000000,142.000000000000000,2000.000000000000000,250000.000000000000000,1212482.148600000888109,476799.256699999794364
528,488.000000000000000,488.000000000000000,2000.000000000000000,250000.000000000000000,1210982.148600000888109,476299.256699999794364
533,463.000000000000000,463.000000000000000,2000.000000000000000,250000.000000000000000,1213482.148600000888109,476299.256699999794364
484,88.000000000000000,88.000000000000000,2000.000000000000000,250000.000000000000000,1206982.148600000888109,475799.256699999794364
552,89.000000000000000,89.000000000000000,2000.000000000000000,250000.000000000000000,1204982.148600000888109,476799.256699999794364
555,167.000000000000000,167.000000000000000,2000.000000000000000,250000.000000000000000,1206482.148600000888109,476799.256699999794364
513,31.000000000000000,31.000000000000000,2000.000000000000000,250000.000000000000000,1203482.148600000888109,476299.256699999794364
556,335.000000000000000,335.000000000000000,2000.000000000000000,250000.000000000000000,1206982.148600000888109,476799.256699999794364
524,239.000000000000000,239.000000000000000,2000.000000000000000,250000.000000000000000,1208982.148600000888109,476299.256699999794364
529,531.000000000000000,531.000000000000000,2000.000000000000000,250000.000000000000000,1211482.148600000888109,476299.256699999794364
540,4.000000000000000,4.000000000000000,2000.000000000000000,250000.000000000000000,1216982.148600000888109,476299.256699999794364
585,5.000000000000000,5.000000000000000,2000.000000000000000,250000.000000000000000,1203482.148600000888109,477299.256699999794364
499,58.000000000000000,58.000000000000000,2000.000000000000000,250000.000000000000000,1214482.148600000888109,475799.256699999794364
573,46.000000000000000,46.000000000000000,2000.000000000000000,250000.000000000000000,1215482.148600000888109,476799.256699999794364
493,217.000000000000000,217.000000000000000,2000.000000000000000,250000.000000000000000,1211482.148600000888109,475799.256699999794364
538,165.000000000000000,165.000000000000000,2000.000000000000000,250000.000000000000000,1215982.148600000888109,476299.256699999794364
527,376.000000000000000,376.000000000000000,2000.000000000000000,250000.000000000000000,1210482.148600000888109,476299.256699999794364
549,24.000000000000000,24.000000000000000,2000.000000000000000,250000.000000000000000,1203482.148600000888109,476799.256699999794364
569,249.000000000000000,249.000000000000000,2000.000000000000000,250000.000000000000000,1213482.148600000888109,476799.256699999794364
479,52.000000000000000,52.000000000000000,2000.000000000000000,250000.000000000000000,1204482.148600000888109,475799.256699999794364
536,68.000000000000000,68.000000000000000,2000.000000000000000,250000.000000000000000,1214982.148600000888109,476299.256699999794364
496,107.000000000000000,107.000000000000000,2000.000000000000000,250000.000000000000000,1212982.148600000888109,475799.256699999794364
551,20.000000000000000,20.000000000000000,2000.000000000000000,250000.000000000000000,1204482.148600000888109,476799.256699999794364
520,231.000000000000000,231.000000000000000,2000.000000000000000,250000.000000000000000,1206982.148600000888109,476299.256699999794364
478,51.000000000000000,51.000000000000000,2000.000000000000000,250000.000000000000000,1203982.148600000888109,475799.256699999794364
537,76.000000000000000,76.000000000000000,2000.000000000000000,250000.000000000000000,1215482.148600000888109,476299.256699999794364
491,185.000000000000000,185.000000000000000,2000.000000000000000,250000.000000000000000,1210482.148600000888109,475799.256699999794364
531,146.000000000000000,146.000000000000000,2000.000000000000000,250000.000000000000000,1212482.148600000888109,476299.256699999794364
476,86.000000000000000,86.000000000000000,2000.000000000000000,250000.000000000000000,1202982.148600000888109,475799.256699999794364
483,77.000000000000000,77.000000000000000,2000.000000000000000,250000.000000000000000,1206482.148600000888109,475799.256699999794364
495,133.000000000000000,133.000000000000000,2000.000000000000000,250000.000000000000000,1212482.148600000888109,475799.256699999794364
565,186.000000000000000,186.000000000000000,2000.000000000000000,250000.000000000000000,1211482.148600000888109,476799.256699999794364
519,179.000000000000000,179.000000000000000,2000.000000000000000,250000.000000000000000,1206482.148600000888109,476299.256699999794364
488,185.000000000000000,185.000000000000000,2000.000000000000000,250000.000000000000000,1208982.148600000888109,475799.256699999794364
503,192.000000000000000,192.000000000000000,2000.000000000000000,250000.000000000000000,1216482.148600000888109,475799.256699999794364
561,23.000000000000000,23.000000000000000,2000.000000000000000,250000.000000000000000,1209482.148600000888109,476799.256699999794364
517,122.000000000000000,122.000000000000000,2000.000000000000000,250000.000000000000000,1205482.148600000888109,476299.256699999794364
535,145.000000000000000,145.000000000000000,2000.000000000000000,250000.000000000000000,1214482.148600000888109,476299.256699999794364
485,154.000000000000000,154.000000000000000,2000.000000000000000,250000.000000000000000,1207482.148600000888109,475799.256699999794364
570,103.000000000000000,103.000000000000000,2000.000000000000000,250000.000000000000000,1213982.148600000888109,476799.256699999794364
534,90.000000000000000,90.000000000000000,2000.000000000000000,250000.000000000000000,1213982.148600000888109,476299.256699999794364
553,98.000000000000000,98.000000000000000,2000.000000000000000,250000.000000000000000,1205482.148600000888109,476799.256699999794364
554,128.000000000000000,128.000000000000000,2000.000000000000000,250000.000000000000000,1205982.148600000888109,476799.256699999794364
490,229.000000000000000,229.000000000000000,2000.000000000000000,250000.000000000000000,1209982.148600000888109,475799.256699999794364
482,69.000000000000000,69.000000000000000,2000.000000000000000,250000.000000000000000,1205982.148600000888109,475799.256699999794364
539,39.000000000000000,39.000000000000000,2000.000000000000000,250000.000000000000000,1216482.148600000888109,476299.256699999794364
522,206.000000000000000,206.000000000000000,2000.000000000000000,250000.000000000000000,1207982.148600000888109,476299.256699999794364
576,7.000000000000000,7.000000000000000,2000.000000000000000,250000.000000000000000,1216982.148600000888109,476799.256699999794364
481,80.000000000000000,80.000000000000000,2000.000000000000000,250000.000000000000000,1205482.148600000888109,475799.256699999794364
562,210.000000000000000,210.000000000000000,2000.000000000000000,250000.000000000000000,1209982.148600000888109,476799.256699999794364
566,66.000000000000000,66.000000000000000,2000.000000000000000,250000.000000000000000,1211982.148600000888109,476799.256699999794364
560,57.000000000000000,57.000000000000000,2000.000000000000000,250000.000000000000000,1208982.148600000888109,476799.256699999794364
486,172.000000000000000,172.000000000000000,2000.000000000000000,250000.000000000000000,1207982.148600000888109,475799.256699999794364
564,499.000000000000000,499.000000000000000,2000.000000000000000,250000.000000000000000,1210982.148600000888109,476799.256699999794364
526,1172.000000000000000,1172.000000000000000,2000.000000000000000,250000.000000000000000,1209982.148600000888109,476299.256699999794364
504,12.000000000000000,12.000000000000000,2000.000000000000000,250000.000000000000000,1216982.148600000888109,475799.256699999794364
487,306.000000000000000,306.000000000000000,2000.000000000000000,250000.000000000000000,1208482.148600000888109,475799.256699999794364
492,324.000000000000000,324.000000000000000,2000.000000000000000,250000.000000000000000,1210982.148600000888109,475799.256699999794364
559,267.000000000000000,267.000000000000000,2000.000000000000000,250000.000000000000000,1208482.148600000888109,476799.256699999794364
572,105.000000000000000,105.000000000000000,2000.000000000000000,250000.000000000000000,1214982.148600000888109,476799.256699999794364
584,3.000000000000000,3.000000000000000,2000.000000000000000,250000.000000000000000,1202982.148600000888109,477299.256699999794364
530,249.000000000000000,249.000000000000000,2000.000000000000000,250000.000000000000000,1211982.148600000888109,476299.256699999794364
547,3.000000000000000,3.000000000000000,2000.000000000000000,250000.000000000000000,1202482.148600000888109,476799.256699999794364
477,126.000000000000000,126.000000000000000,2000.000000000000000,250000.000000000000000,1203482.148600000888109,475799.256699999794364
518,140.000000000000000,140.000000000000000,2000.000000000000000,250000.000000000000000,1205982.148600000888109,476299.256699999794364
532,179.000000000000000,179.000000000000000,2000.000000000000000,250000.000000000000000,1212982.148600000888109,476299.256699999794364
557,333.000000000000000,333.000000000000000,2000.000000000000000,250000.000000000000000,1207482.148600000888109,476799.256699999794364
574,49.000000000000000,49.000000000000000,2000.000000000000000,250000.000000000000000,1215982.148600000888109,476799.256699999794364
515,20.000000000000000,20.000000000000000,2000.000000000000000,250000.000000000000000,1204482.148600000888109,476299.256699999794364
516,170.000000000000000,170.000000000000000,2000.000000000000000,250000.000000000000000,1204982.148600000888109,476299.256699999794364
591,28.000000000000000,28.000000000000000,2000.000000000000000,250000.000000000000000,1206482.148600000888109,477299.256699999794364
637,372.000000000000000,372.000000000000000,2000.000000000000000,250000.000000000000000,1211482.148600000888109,477799.256699999794364
641,301.000000000000000,301.000000000000000,2000.000000000000000,250000.000000000000000,1213482.148600000888109,477799.256699999794364
602,75.000000000000000,75.000000000000000,2000.000000000000000,250000.000000000000000,1211982.148600000888109,477299.256699999794364
670,3628.000000000000000,3628.000000000000000,2000.000000000000000,250000.000000000000000,1209982.148600000888109,478299.256699999794364
672,1890.000000000000000,1890.000000000000000,2000.000000000000000,250000.000000000000000,1210982.148600000888109,478299.256699999794364
630,1.000000000000000,1.000000000000000,2000.000000000000000,250000.000000000000000,1207982.148600000888109,477799.256699999794364
704,967.000000000000000,967.000000000000000,2000.000000000000000,250000.000000000000000,1208982.148600000888109,478799.256699999794364
636,903.000000000000000,903.000000000000000,2000.000000000000000,250000.000000000000000,1210982.148600000888109,477799.256699999794364
644,95.000000000000000,95.000000000000000,2000.000000000000000,250000.000000000000000,1214982.148600000888109,477799.256699999794364
593,199.000000000000000,199.000000000000000,2000.000000000000000,250000.000000000000000,1207482.148600000888109,477299.256699999794364
605,482.000000000000000,482.000000000000000,2000.000000000000000,250000.000000000000000,1213482.148600000888109,477299.256699999794364
633,1670.000000000000000,1670.000000000000000,2000.000000000000000,250000.000000000000000,1209482.148600000888109,477799.256699999794364
609,85.000000000000000,85.000000000000000,2000.000000000000000,250000.000000000000000,1215482.148600000888109,477299.256699999794364
671,3357.000000000000000,3357.000000000000000,2000.000000000000000,250000.000000000000000,1210482.148600000888109,478299.256699999794364
705,802.000000000000000,802.000000000000000,2000.000000000000000,250000.000000000000000,1209482.148600000888109,478799.256699999794364
675,192.000000000000000,192.000000000000000,2000.000000000000000,250000.000000000000000,1212482.148600000888109,478299.256699999794364
706,993.000000000000000,993.000000000000000,2000.000000000000000,250000.000000000000000,1209982.148600000888109,478799.256699999794364
703,648.000000000000000,648.000000000000000,2000.000000000000000,250000.000000000000000,1208482.148600000888109,478799.256699999794364
608,47.000000000000000,47.000000000000000,2000.000000000000000,250000.000000000000000,1214982.148600000888109,477299.256699999794364
594,104.000000000000000,104.000000000000000,2000.000000000000000,250000.000000000000000,1207982.148600000888109,477299.256699999794364
682,66.000000000000000,66.000000000000000,2000.000000000000000,250000.000000000000000,1215982.148600000888109,478299.256699999794364
606,128.000000000000000,128.000000000000000,2000.000000000000000,250000.000000000000000,1213982.148600000888109,477299.256699999794364
707,115.000000000000000,115.000000000000000,2000.000000000000000,250000.000000000000000,1210482.148600000888109,478799.256699999794364
645,68.000000000000000,68.000000000000000,2000.000000000000000,250000.000000000000000,1215482.148600000888109,477799.256699999794364
595,263.000000000000000,263.000000000000000,2000.000000000000000,250000.000000000000000,1208482.148600000888109,477299.256699999794364
702,309.000000000000000,309.000000000000000,2000.000000000000000,250000.000000000000000,1207982.148600000888109,478799.256699999794364
642,126.000000000000000,126.000000000000000,2000.000000000000000,250000.000000000000000,1213982.148600000888109,477799.256699999794364
611,35.000000000000000,35.000000000000000,2000.000000000000000,250000.000000000000000,1216482.148600000888109,477299.256699999794364
632,1035.000000000000000,1035.000000000000000,2000.000000000000000,250000.000000000000000,1208982.148600000888109,477799.256699999794364
668,729.000000000000000,729.000000000000000,2000.000000000000000,250000.000000000000000,1208982.148600000888109,478299.256699999794364
680,193.000000000000000,193.000000000000000,2000.000000000000000,250000.000000000000000,1214982.148600000888109,478299.256699999794364
676,396.000000000000000,396.000000000000000,2000.000000000000000,250000.000000000000000,1212982.148600000888109,478299.256699999794364
603,61.000000000000000,61.000000000000000,2000.000000000000000,250000.000000000000000,1212482.148600000888109,477299.256699999794364
597,476.000000000000000,476.000000000000000,2000.000000000000000,250000.000000000000000,1209482.148600000888109,477299.256699999794364
639,134.000000000000000,134.000000000000000,2000.000000000000000,250000.000000000000000,1212482.148600000888109,477799.256699999794364
592,62.000000000000000,62.000000000000000,2000.000000000000000,250000.000000000000000,1206982.148600000888109,477299.256699999794364
599,47.000000000000000,47.000000000000000,2000.000000000000000,250000.000000000000000,1210482.148600000888109,477299.256699999794364
678,244.000000000000000,244.000000000000000,2000.000000000000000,250000.000000000000000,1213982.148600000888109,478299.256699999794364
679,252.000000000000000,252.000000000000000,2000.000000000000000,250000.000000000000000,1214482.148600000888109,478299.256699999794364
596,413.000000000000000,413.000000000000000,2000.000000000000000,250000.000000000000000,1208982.148600000888109,477299.256699999794364
643,104.000000000000000,104.000000000000000,2000.000000000000000,250000.000000000000000,1214482.148600000888109,477799.256699999794364
631,321.000000000000000,321.000000000000000,2000.000000000000000,250000.000000000000000,1208482.148600000888109,477799.256699999794364
604,154.000000000000000,154.000000000000000,2000.000000000000000,250000.000000000000000,1212982.148600000888109,477299.256699999794364
666,125.000000000000000,125.000000000000000,2000.000000000000000,250000.000000000000000,1207982.148600000888109,478299.256699999794364
669,2042.000000000000000,2042.000000000000000,2000.000000000000000,250000.000000000000000,1209482.148600000888109,478299.256699999794364
648,1.000000000000000,1.000000000000000,2000.000000000000000,250000.000000000000000,1216982.148600000888109,477799.256699999794364
674,476.000000000000000,476.000000000000000,2000.000000000000000,250000.000000000000000,1211982.148600000888109,478299.256699999794364
601,111.000000000000000,111.000000000000000,2000.000000000000000,250000.000000000000000,1211482.148600000888109,477299.256699999794364
667,520.000000000000000,520.000000000000000,2000.000000000000000,250000.000000000000000,1208482.148600000888109,478299.256699999794364
612,5.000000000000000,5.000000000000000,2000.000000000000000,250000.000000000000000,1216982.148600000888109,477299.256699999794364
629,9.000000000000000,9.000000000000000,2000.000000000000000,250000.000000000000000,1207482.148600000888109,477799.256699999794364
607,82.000000000000000,82.000000000000000,2000.000000000000000,250000.000000000000000,1214482.148600000888109,477299.256699999794364
598,237.000000000000000,237.000000000000000,2000.000000000000000,250000.000000000000000,1209982.148600000888109,477299.256699999794364
646,70.000000000000000,70.000000000000000,2000.000000000000000,250000.000000000000000,1215982.148600000888109,477799.256699999794364
600,511.000000000000000,511.000000000000000,2000.000000000000000,250000.000000000000000,1210982.148600000888109,477299.256699999794364
610,41.000000000000000,41.000000000000000,2000.000000000000000,250000.000000000000000,1215982.148600000888109,477299.256699999794364
638,231.000000000000000,231.000000000000000,2000.000000000000000,250000.000000000000000,1211982.148600000888109,477799.256699999794364
640,152.000000000000000,152.000000000000000,2000.000000000000000,250000.000000000000000,1212982.148600000888109,477799.256699999794364
634,1163.000000000000000,1163.000000000000000,2000.000000000000000,250000.000000000000000,1209982.148600000888109,477799.256699999794364
681,46.000000000000000,46.000000000000000,2000.000000000000000,250000.000000000000000,1215482.148600000888109,478299.256699999794364
683,152.000000000000000,152.000000000000000,2000.000000000000000,250000.000000000000000,1216482.148600000888109,478299.256699999794364
647,65.000000000000000,65.000000000000000,2000.000000000000000,250000.000000000000000,1216482.148600000888109,477799.256699999794364
677,398.000000000000000,398.000000000000000,2000.000000000000000,250000.000000000000000,1213482.148600000888109,478299.256699999794364
635,833.000000000000000,833.000000000000000,2000.000000000000000,250000.000000000000000,1210482.148600000888109,477799.256699999794364
673,646.000000000000000,646.000000000000000,2000.000000000000000,250000.000000000000000,1211482.148600000888109,478299.256699999794364
739,501.000000000000000,501.000000000000000,2000.000000000000000,250000.000000000000000,1208482.148600000888109,479299.256699999794364
773,46.000000000000000,46.000000000000000,2000.000000000000000,250000.000000000000000,1207482.148600000888109,479799.256699999794364
753,9.000000000000000,9.000000000000000,2000.000000000000000,250000.000000000000000,1215482.148600000888109,479299.256699999794364
754,4.000000000000000,4.000000000000000,2000.000000000000000,250000.000000000000000,1215982.148600000888109,479299.256699999794364
714,200.000000000000000,200.000000000000000,2000.000000000000000,250000.000000000000000,1213982.148600000888109,478799.256699999794364
713,84.000000000000000,84.000000000000000,2000.000000000000000,250000.000000000000000,1213482.148600000888109,478799.256699999794364
812,91.000000000000000,91.000000000000000,2000.000000000000000,250000.000000000000000,1208982.148600000888109,480299.256699999794364
709,74.000000000000000,74.000000000000000,2000.000000000000000,250000.000000000000000,1211482.148600000888109,478799.256699999794364
738,193.000000000000000,193.000000000000000,2000.000000000000000,250000.000000000000000,1207982.148600000888109,479299.256699999794364
740,196.000000000000000,196.000000000000000,2000.000000000000000,250000.000000000000000,1208982.148600000888109,479299.256699999794364
751,65.000000000000000,65.000000000000000,2000.000000000000000,250000.000000000000000,1214482.148600000888109,479299.256699999794364
715,80.000000000000000,80.000000000000000,2000.000000000000000,250000.000000000000000,1214482.148600000888109,478799.256699999794364
788,4.000000000000000,4.000000000000000,2000.000000000000000,250000.000000000000000,1214982.148600000888109,479799.256699999794364
772,1.000000000000000,1.000000000000000,2000.000000000000000,250000.000000000000000,1206982.148600000888109,479799.256699999794364
741,25.000000000000000,25.000000000000000,2000.000000000000000,250000.000000000000000,1209482.148600000888109,479299.256699999794364
752,46.000000000000000,46.000000000000000,2000.000000000000000,250000.000000000000000,1214982.148600000888109,479299.256699999794364
755,22.000000000000000,22.000000000000000,2000.000000000000000,250000.000000000000000,1216482.148600000888109,479299.256699999794364
777,15.000000000000000,15.000000000000000,2000.000000000000000,250000.000000000000000,1209482.148600000888109,479799.256699999794364
737,19.000000000000000,19.000000000000000,2000.000000000000000,250000.000000000000000,1207482.148600000888109,479299.256699999794364
775,44.000000000000000,44.000000000000000,2000.000000000000000,250000.000000000000000,1208482.148600000888109,479799.256699999794364
716,87.000000000000000,87.000000000000000,2000.000000000000000,250000.000000000000000,1214982.148600000888109,478799.256699999794364
708,7.000000000000000,7.000000000000000,2000.000000000000000,250000.000000000000000,1210982.148600000888109,478799.256699999794364
813,6.000000000000000,6.000000000000000,2000.000000000000000,250000.000000000000000,1209482.148600000888109,480299.256699999794364
712,3.000000000000000,3.000000000000000,2000.000000000000000,250000.000000000000000,1212982.148600000888109,478799.256699999794364
718,23.000000000000000,23.000000000000000,2000.000000000000000,250000.000000000000000,1215982.148600000888109,478799.256699999794364
750,58.000000000000000,58.000000000000000,2000.000000000000000,250000.000000000000000,1213982.148600000888109,479299.256699999794364
808,26.000000000000000,26.000000000000000,2000.000000000000000,250000.000000000000000,1206982.148600000888109,480299.256699999794364
717,8.000000000000000,8.000000000000000,2000.000000000000000,250000.000000000000000,1215482.148600000888109,478799.256699999794364
811,24.000000000000000,24.000000000000000,2000.000000000000000,250000.000000000000000,1208482.148600000888109,480299.256699999794364
776,10.000000000000000,10.000000000000000,2000.000000000000000,250000.000000000000000,1208982.148600000888109,479799.256699999794364
814,16.000000000000000,16.000000000000000,2000.000000000000000,250000.000000000000000,1209982.148600000888109,480299.256699999794364
719,77.000000000000000,77.000000000000000,2000.000000000000000,250000.000000000000000,1216482.148600000888109,478799.256699999794364
791,17.000000000000000,17.000000000000000,2000.000000000000000,250000.000000000000000,1216482.148600000888109,479799.256699999794364
882,56.000000000000000,56.000000000000000,2000.000000000000000,250000.000000000000000,1207982.148600000888109,481299.256699999794364
844,2.000000000000000,2.000000000000000,2000.000000000000000,250000.000000000000000,1206982.148600000888109,480799.256699999794364
847,4.000000000000000,4.000000000000000,2000.000000000000000,250000.000000000000000,1208482.148600000888109,480799.256699999794364
918,2.000000000000000,2.000000000000000,2000.000000000000000,250000.000000000000000,1207982.148600000888109,481799.256699999794364
883,3.000000000000000,3.000000000000000,2000.000000000000000,250000.000000000000000,1208482.148600000888109,481299.256699999794364
881,3.000000000000000,3.000000000000000,2000.000000000000000,250000.000000000000000,1207482.148600000888109,481299.256699999794364
